num,code
0,3d-NMe-Bmt
1,2OMe-Rha
2,4oxo-5Me-Pro
3,Aad
4,3OH-Leu
5,4oxo-Hpr
6,4OH-D-Ph-Lac
7,2Dh-Mabu
8,4oxo-Pro
9,Abu
10,aC10:0
11,aC11:0
12,aC13:0
13,aC15:0
14,aC13:0-OH(3)
15,aC13:1(3)
16,aC13:2(2.t4)
17,aC15:0-NH2(3)
18,aC15:0-OH(3)
19,C16:1(9)-OH(3)
20,C18:1(9)-OH(3)
21,D-bOH-Val
22,D-bPhe
23,aC6:0-OH(2.3)
24,Ac-OH-Orn
25,bAla
26,Ara
27,Arg
28,Asp
29,aC9:0
30,Aco
31,aC9:0-OH(3)
32,Amv
33,Apv
34,dhCys
35,ADMAdda
36,Ahv
37,bbMe2-O-Met
38,C15:0-NH2(3)
39,C16:1(7)
40,bMe-Asp
41,C10:0
42,C12:0
43,D-CysA
44,bOH-NMe-Phe
45,D-Gal
46,bPhe
47,bTyr
48,C10:0-OH(3)
49,bOH-Val
50,C12:0-OH(3)
51,C14:0
52,C14:0-OH(3)
53,C16:0
54,D-NMe-Ser
55,C4:0-Me(2)
56,C6:0
57,bU-dAla
58,C18:1(9)
59,D-Fo-OH-Orn
60,D-OH-Orn
61,C8:0:1(7)-Me(2)
62,C8:2(2.t4)
63,CFA
64,D-MeO-Glu
65,diOH-Bz
66,DMOG
67,C7:0
68,Cit
69,C6:0-OH(3)
70,C8:0-OH(3)
71,C9:0
72,C10:0-Me(4)-OH(3)
73,ChrD
74,ChrI
75,ChrP
76,ChrA
77,C12:1(5)-OH(3)
78,Cys
79,CysA
80,NFo-Pro
81,Cl-Tyr
82,D-Abu
83,D-3OMe-Ala
84,D-Ara
85,D-Cit
86,D-Dab
87,D-OH-dHpg
88,End
89,Ere
90,D-bMe-Asp
91,NMe-Tyr
92,Glc
93,gOH-NMe-Val
94,Hmp
95,Hpa
96,Me-AOA
97,iC13:0-OH(3)
98,iC14:0-NH2(3)
99,iC15:0-OH(3)
100,Oli
101,D-Glc
102,dh-Ala
103,dhAbu
104,D-Hiv
105,D-Hmp
106,D-Hpr
107,NFo-Gln
108,D-Hse
109,D-Kyn
110,NMe-Gln
111,D-Lac
112,C13:0-OH(3)
113,D-F-ph-Gly
114,NdMe-Leu
115,C6:2(t2.t4)
116,C8:0-Me(4)-OH(3)
117,C9:0-OH(3)
118,C13:0-NH2(3)
119,Cl2-Hpg
120,D-bMe-Gln
121,D-Ph-Lac
122,D-t-Leu
123,Hil
124,dh-Trp
125,D-N2Me-Asn
126,D-NFo-Ala
127,D-NMe-Leu
128,D-NMe-Val
129,D-Val
130,Et-Nva
131,Hty
132,iC11:0
133,iC14:0-OH(3)
134,Ivalol
135,NFo-Ile
136,Cap
137,Glu
138,NFo-Leu
139,NMe-bAla
140,NMe-Hpg
141,NMe-MeA-Phe
142,Hiv
143,NMe-Ser
144,NMe-Thr
145,Hpr
146,Hse
147,Cl-NMe-Tyr
148,aC15:1(3)
149,Kyn
150,Lac
151,diMe-aIle
152,MeO-D-Glu
153,aC17:0-NH2(3)
154,Agdha
155,CMA
156,Me2-Bmt
157,D-Ac-OH-Orn
158,C14:1(7)
159,Met
160,Ahp
161,DMAdda
162,D-OH-Asn
163,D-OH-Asp
164,D-OH-cOrn
165,D-PO-Asn
166,Dpr
167,Dov
168,Eta
169,Gly
170,D-End
171,C8:0
172,Nva
173,O2-Met
174,DHPT
175,OH-Orn
176,O-Met
177,pGlu
178,Hpoe
179,Fo-OH-Orn
180,HseL
181,iC10:0
182,iC11:0-OH(3)
183,iC12:0
184,iC12:0-OH(3)
185,iC13:0
186,iC14:0
187,Ser
188,Thr
189,t-Leu
190,Trp
191,ProC
192,D-Dbu
193,Tyr
194,iC17:0-OH(3)
195,Dbu
196,iC7:0
197,iC8:0
198,iC9:0
199,L-Dbu
200,OMe-bAla-Thz
201,Pro
202,iC9:0-OH(3)
203,Ival
204,NMe-Br-Trp
205,3Me-Pro
206,4OH-Thr
207,3Me-Phe
208,Aca
209,3OH-5Me-Pro
210,3OH-Pro
211,4Cl-Thr
212,4OH-Pro
213,Ac-Ser
214,NMe-dPhe
215,NMe-Hty
216,aIle
217,Ala
218,NMe-Lan
219,Bmt
220,Asn
221,aThr
222,bD-Gal
223,U4oxo-Van
224,Leuol
225,MeO-Glu
226,Me-Suc
227,iC10:2(2.t4)
228,C16:1(9)
229,iC12:2(2.t4)
230,iC13:1(3)
231,iC15:0-NH2(3)
232,iC16:0-NH2(3)
233,iC14:1(3)
234,NMe-Dha
235,NMe-Gly
236,iC16:0-OH(3)
237,iC17:0-NH2(3)
238,iC9:2(2.t4)
239,OH-Asp
240,Ac-Ival
241,NMe-Me2A-Phe
242,D-N2Me-bOH-Asn
243,OH-cOrn
244,OH-His
245,OMe-Asp
246,PT
247,Cl-Hpg
248,Put
249,Dab
250,D-Ala
251,D-Arg
252,D-Asn
253,D-Asp
254,D-aIle
255,Rha
256,Valol
257,ChrAct
258,COOH-Qui
259,D-Cys
260,D-Gln
261,D-Glu
262,D-aThr
263,Aib
264,D-Ile
265,D-Leu
266,D-Lys
267,D-Man
268,C16:0-OH(3)
269,D-Orn
270,iC8:0-Me(2.4)-OH(3)
271,5Me-Pro
272,5OH-Cap
273,3Me-Glu
274,3Me-Hty
275,4oxo-Van
276,3NO2-Tyr
277,D-Phe
278,D-ph-Gly
279,D-Pro
280,D-Ser
281,D-Thr
282,D-Trp
283,D-Tyr
284,Har
285,4Me-D-Hva
286,Gln
287,aC17:0-OH(3)
288,His
289,Hpg
290,Hph
291,Act
292,Ac-Val
293,Ile
294,Ileol
295,Leu
296,Lys
297,Adda
298,Lyx
299,NdMe-Ala
300,aMe-Cys
301,Ac-Trp
302,NMe-Ala
303,bMe-Asn
304,bMe-Ile
305,NMe-Bmt
306,bOH-Cl-Tyr
307,NMe-Ile
308,NMe-aIle
309,bOH-Gln
310,bOH-NMe-Val
311,bOH-Tyr
312,3Me-4Me-Gln
313,NMe-Phe
314,Ph-Gly
315,Ria
316,Van
317,C11:0-OH(3)
318,C12:1(5)
319,C14:0-NH2(3)
320,C14:0-OH(3.4)
321,OMe-Thr
322,C15:0-OH(3)
323,C16:0-NH2(3)
324,C16:0-OH(3.4)
325,Phe
326,Pheol
327,C6:0-Ep(2)
328,Val
329,diMe-Cys
330,NMe-Cys
331,Dhpg
332,Trpol
333,NMe-Leu
334,NMe-OMe-Tyr
335,NMe-Val
336,OH-Asn
337,Serol
338,OAc-Leuol
339,OH-dHpg
340,N-OH-Hta
341,norCMA
342,NtMe-Leu
343,OH-bLys
344,OMe-Trp
345,D-Hpg
346,NFo-Val
347,bLys
348,C8:3(t2.t4.t6)
349,4Me-Pro
350,Ac-Phe
351,Ac-Aib
352,Orn
353,bMe-Gln
354,D-Dhpg
355,NSpd
356,Tig
357,Ac-Pro
358,D-Ival
359,NFo-D-Abu
360,dDil
361,1Me-Trp
362,C15:2(t4.t6)-OH(2.3)
363,C4:0-OH(2.3)-Cl(4)
364,C6:0-Me(2)-NH2(3)
365,C6:0-OH(3.5)-NH2(4)
366,C7:0-Me(2)-OH(3)
367,aFo-Gly
368,NFo-Iser
369,aC9:0-OH(2)-NH2(3)
370,C14:2(t4.t6)-OH(2.3)
371,Br-Phe
372,Bz
373,bOMe-Asp
374,C10:0-Me(2.2.4)-OH(3.7)
375,C10:0-Me(2.2.4)-OH(3)-OMe(7)
376,C10:0-NH2(2)-oxo(8)
377,OSu-Hmp
378,PALOA
379,PAOA
380,Phe-Thz
381,PMST
382,NAc-Leu
383,C10:0-OH(8)-NH2(2)
384,C10:0-OH(9)-NH2(2)
385,C10:0-OH(9)-NH2(2)-oxo(8)
386,C8:0:1(7)-Me(2.2)-OH(3)
387,C8:0:1(7)-Me(2)-NH2(3)
388,C8:0:1(7)-Me(2)-OH(3)
389,C8:0-Me(2.2)-OH(3)
390,C4:0
391,C4:0-OH(3)
392,C4:0-OH(2.3.4)
393,C4:1(3)-OH(2)
394,C5:0-NH2(3)
395,C6:0-Me(2.2)-OH(3)
396,C12:1(11)-Me(6)-OH(2.4.5)-NH2(3)-mPhe(11)
397,C8:1(7)-Me(2.2)-OH(3)
398,Dap
399,dDap
400,C8:2(5.7)-Me(6)-OH(4)-NH2(3)-brPh(8)
401,C8:2(5.7)-Me(6)-OH(4)-NH2(3)-Ph(8)
402,C9:1(4)-Me(2.4.6)-OH(8)
403,Cl2-NMe-dhLeu
404,Cl2-NMe-Leu
405,D-NMe-aIle
406,diOH-Phe
407,C8:0:1(7)
408,bbNMe-NMe-Trp
409,bMe-Br-Phe
410,Br-OH-Trp
411,C10:0:1(9)-Me(2.4)
412,C10:0-Me(2.4)-oxo(9)
413,C10:2(7.9)-OH(2.4.5)-NH2(3)-ePh(10)
414,MeOx-Ile
415,C9:1(Me4)-Me(2.4.6)-OH(8)-Oxo(5)
416,Choi
417,ck-Arg
418,C11:2(t2.t8)-Me(2.6.8)-OH(5.7)
419,D-4OH-Pro
420,Pro-Thz
421,dPyr
422,dv-Tyr
423,e-Tyr
424,gSer
425,Hap
426,GSpd
427,OH-4Abu
428,hk-Arg
429,Hysp
430,Ibu
431,iC5:0-OH(2.4)
432,k-Arg
433,Map
434,MdCP
435,D-Har
436,C8:1(7)-OH(2.4.5)-NH2(3)-Ph(8)
437,D-Nva
438,NMe-Gly-Thz
439,2Me-3Me-pGlu
440,Br-Tyr
441,C7:0-OH(3)
442,C9:0-Me(2)-OH(3)
443,C9:1(8)-Me(2)
444,Cl2-Pro
445,Daz
446,Cl3-2OH-NMe-Leu
447,Cl3-5OH-NMe-Leu
448,D-NMe-Nva
449,D-NMe-OMe-Tyr
450,Doe
451,Dpy
452,MCP
453,NFo-Ala
454,NMe-Asn
455,NMe-bMe-Leu
456,NMe-OMe-TyrC
457,Cl3-NMe-dhLeu
458,Cl3-NMe-Leu
459,Cl-Ile
460,CO
461,D-Br-NMe-Tyr
462,D-Cl-CONH2-Trp
463,DHMDA
464,D-Cl-NMe-Tyr
465,D-Cl-Trp
466,Dil
467,NFo-Dpr
468,Iser
469,bbMe-NMe-Trp
470,C12:3(7.9.11)-Me(6.10)-OH(2.4.5)-NH2(3)-Ph(12)
471,C12:3(7.9.11)-Me(6)-OH(2.4.5)-NH2(3)-Ph(12)
472,C13:2(t4.t6)-OH(2.3)
473,D-COOH-Trp
474,D-I-NMe-Tyr
475,diOH-Arg
476,OH-Pyr
477,N1-COOH-bhTrp
478,NAc-Dpr
479,NAc-Fo-OH-Orn
480,Ph-Ser
481,iC5:0-OH(2.3)
482,Me-Vaa
483,iC5:0-OH(2)-CA(4)
484,NMe-Cl-OH-Trp
485,NMe-Cl-Trp
486,NMe-hv-Val
487,NMe-OH-Ile
488,NMe-OH-Trp
489,NMe-OMe-Ile
490,PTTA
491,Mab
492,k-Leu
493,v-Arg
494,v-OH-Tyr
495,v-Tyr
496,Nst
497,OH-Trp
498,Ph-Lac
499,Pda
500,Pha
501,pOH-Bz
502,Pya
503,Pyr
504,Spd
505,aC11:2(4.6)-Me(2.6)-OH(2.3)
506,Ahad
507,Ala-Thz
508,Azd
509,bOH-Br-Phe
510,bOMe-Tyr
511,Br-Trp
512,C10:0-Me(2)-OH(3)
513,C10:0-NH2(2)-Ep(9)-oxo(8)
514,C11:0-Me(2)-OH(3)
515,C4:0-OH(2.3)
516,C4:0-OH(2)-Ep(3)
517,C6:0-Me(5.5)-oxo(2)
518,C6:0-OMe(3)
519,D-NMe-Phe
520,Argal
521,Hip
522,Ist
523,NMe-Ph-Gly
524,Sta
525,NOMe-Ac-D-Phe
526,NOMe-Ac-Val
527,pTrp
