activity,id,composition
antibiotic,NOR00001,C10:0; Trp; D-Asn; Asp; Thr; Gly; Orn; Asp; D-Ala; Asp; Gly; D-Ser; 3Me-Glu; Kyn
antibiotic,NOR00002,iC10:0; Trp; D-Glu; OH-Asn; Thr; NMe-Gly; Ala; Asp; D-Lys; OMe-Asp; Gly; D-Asn; Glu; Ile
antibiotic,NOR00003,C10:0; Trp; D-Glu; OH-Asn; Thr; NMe-Gly; Ala; Asp; D-Lys; OMe-Asp; Gly; D-Asn; 3Me-Glu; Ile
antibiotic,NOR00004,aC11:0; Trp; D-Glu; OH-Asn; Thr; NMe-Gly; Ala; Asp; D-Lys; OMe-Asp; Gly; D-Asn; 3Me-Glu; Val
antibiotic,NOR00005,iC10:0; Trp; D-Glu; OH-Asn; Thr; NMe-Gly; Ala; Asp; D-Lys; OMe-Asp; Gly; D-Asn; Glu; Val
antibiotic,NOR00006,Aad; Cys; D-Val
antibiotic,NOR00007,Ac-Aib; Pro; Aib; Ala; Aib; Ala; Gln; Aib; Val; Aib; Gly; Leu; Aib; Pro; Val; Aib; Aib; Gln; Gln; Pheol
antibiotic,NOR00008,pGlu; Aib; Val; Aib; Gly; Leu; Aib; Pro; Val; Aib; Aib; Gln; Gln; Pheol
antibiotic,NOR00009,Ac-Aib; Pro; Aib; Ala; Aib; Aib; Gln; Aib; Val; Aib; Gly; Leu; Aib; Pro; Val; Aib; Aib; Glu; Gln; Pheol
antibiotic,NOR00010,Ac-Aib; Pro; Aib; Ala; Aib; Ala; Gln; Aib; Val; Aib; Gly; Leu; Aib; Pro; Val; Aib; Aib; Glu; Gln; Pheol
antibiotic,NOR00011,Ac-Aib; Pro; Aib; Ala; Aib; Ala; Gln; Aib; Val; Aib; Gly; Leu; Aib; Pro; Val; Aib; Aib; Glu; Glu; Pheol
antibiotic,NOR00012,Ac-Aib; Pro; Aib; Ala; Aib; Aib; Gln; Aib; Val; Aib; Gly; Leu; Aib; Pro; Val; Aib; Aib; Glu; Glu; Pheol
antibiotic,NOR00013,pGlu; Aib; Val; Aib; Gly; Leu; Aib; Pro; Val; Aib; Aib; Glu; Gln; Pheol
antibiotic,NOR00014,Ac-Aib; Pro; Aib; Ala; Aib; Ala; Gln; Aib; Val; Aib; Gly; Leu; Aib; Pro; Val; Aib; Aib; Glu; Gln
antibiotic,NOR00015,Ac-Aib; Pro; Aib; Ala; Aib; Aib; Gln; Aib; Val; Aib; Gly; Leu; Aib; Pro; Val; Aib; Aib; Glu; Gln
antibiotic,NOR00016,Ac-Aib; Pro; Aib; Ala; Aib; Aib; Glu; Aib; Val; Aib; Gly; Leu; Aib; Pro; Val; Aib; Aib; Glu; Glu; Pheol
antibiotic,NOR00017,Ac-Aib; Pro; Aib; Ala; Aib; Ala; Glu; Aib; Val; Aib; Gly; Leu; Aib; Pro; Val; Aib; Aib; Glu; Gln; Pheol
antibiotic,NOR00018,Ile; Cys; Leu; D-Glu; Ile; Lys; D-Orn; Ile; D-Phe; His; D-Asp; Asn
antibiotic,NOR00019,D-aIle; Cys; Leu; D-Glu; Ile; Lys; D-Orn; Ile; D-Phe; His; D-Asp; Asn
antibiotic,NOR00020,Ile; Cys; Leu; D-Glu; Val; Lys; D-Orn; Ile; D-Phe; His; D-Asp; Asn
antibiotic,NOR00021,Ile; Cys; Leu; D-Glu; Ile; Lys; D-Orn; Val; D-Phe; His; D-Asp; Asn
antibiotic,NOR00022,Ile; Cys; Leu; D-Glu; Val; Lys; D-Orn; Val; D-Phe; His; D-Asp; Asn
antibiotic,NOR00023,C6:0-Ep(2); Ser; Thr; D-Trp; Asp; Asp; D-Hpg; Asp; Gly; D-PO-Asn; Glu; Trp
antibiotic,NOR00024,C6:0-Ep(2); Ser; Thr; D-Trp; Asp; Asp; D-Hpg; Asp; Gly; D-PO-Asn; 3Me-Glu; dh-Trp
antibiotic,NOR00025,C6:0-Ep(2); Ser; Thr; D-Trp; Asp; Asp; D-Hpg; Asp; Gly; D-PO-Asn; 3Me-Glu; Trp
antibiotic,NOR00026,C6:0-Ep(2); Ser; Thr; D-Trp; Asp; Asp; D-Hpg; Asp; Gly; D-OH-Asn; Glu; dh-Trp
antibiotic,NOR00027,C6:0-Ep(2); Ser; Thr; D-Trp; Asp; Asp; D-Hpg; Asp; Gly; D-OH-Asn; Glu; Trp
antibiotic,NOR00028,C6:0-Ep(2); Ser; Thr; D-Trp; Asp; Asp; D-Hpg; Asp; Gly; D-OH-Asn; 3Me-Glu; dh-Trp
antibiotic,NOR00029,C6:0-Ep(2); Ser; Thr; D-Trp; Asp; Asp; D-Hpg; Asp; Gly; D-OH-Asn; 3Me-Glu; Trp
antibiotic,NOR00030,C6:0-Ep(2); Ser; Thr; D-Trp; Asp; Asp; D-ph-Gly; Asp; Gly; D-PO-Asn; 3Me-Glu; Trp
antibiotic,NOR00031,C6:0-Ep(2); Ser; Thr; D-Trp; Asp; Asp; D-F-ph-Gly; Asp; Gly; D-PO-Asn; 3Me-Glu; dh-Trp
antibiotic,NOR00032,C6:0-Ep(2); Ser; Thr; D-Trp; Asp; Asp; D-F-ph-Gly; Asp; Gly; D-PO-Asn; 3Me-Glu; Trp
antibiotic,NOR00033,D-Ala; NMe-Leu; NMe-Leu; NMe-Val; NMe-Bmt; Abu; NMe-Gly; NMe-Leu; Val; NMe-Leu; Ala
antibiotic,NOR00034,D-Ala; NMe-Leu; NMe-Leu; NMe-Val; NMe-Bmt; Ala; NMe-Gly; NMe-Leu; Val; NMe-Leu; Ala
antibiotic,NOR00035,D-Ala; NMe-Leu; NMe-Leu; NMe-Val; NMe-Bmt; Thr; NMe-Gly; NMe-Leu; Val; NMe-Leu; Ala
antibiotic,NOR00036,D-Ala; NMe-Leu; NMe-Leu; NMe-Val; NMe-Bmt; Val; NMe-Gly; NMe-Leu; Val; NMe-Leu; Ala
antibiotic,NOR00037,D-Ala; NMe-Leu; NMe-Leu; Val; NMe-Bmt; Abu; NMe-Gly; NMe-Leu; Val; NMe-Leu; Ala
unknown,NOR00038,D-Ala; NMe-Leu; NMe-Leu; NMe-Val; 3d-NMe-Bmt; Nva; NMe-Gly; NMe-Leu; Val; NMe-Leu; Ala
immunomodulating,NOR00039,D-Ala; NMe-Leu; NMe-Leu; NMe-Val; NMe-Bmt; Nva; NMe-Gly; NMe-Leu; Val; NMe-Leu; Ala
immunomodulating,NOR00040,D-Ala; NMe-Leu; NMe-Leu; D-NMe-Val; NMe-Bmt; Abu; NMe-Gly; NMe-Leu; Val; NMe-Leu; Ala
unknown,NOR00041,D-Ala; Leu; NMe-Leu; NMe-Val; NMe-Bmt; Val; NMe-Gly; NMe-Leu; Val; NMe-Leu; Ala
unknown,NOR00042,D-Ala; NMe-Leu; NMe-Leu; NMe-Val; 3d-NMe-Bmt; Val; NMe-Gly; NMe-Leu; Val; NMe-Leu; Ala
unknown,NOR00043,D-Ala; NMe-Leu; NMe-Leu; NMe-Val; Bmt; Abu; NMe-Gly; NMe-Leu; Val; NMe-Leu; Ala
unknown,NOR00044,D-Ala; NMe-Leu; NMe-Leu; NMe-Val; NMe-Bmt; Nva; NMe-Gly; NMe-Leu; Nva; NMe-Leu; Ala
unknown,NOR00045,D-Ala; Leu; NMe-Leu; NMe-Val; NMe-Bmt; Nva; NMe-Gly; NMe-Leu; Val; NMe-Leu; Ala
immunomodulating,NOR00046,D-Ala; NMe-Leu; NMe-Leu; NMe-Val; NMe-Leu; Nva; NMe-Gly; NMe-Leu; Val; NMe-Leu; Ala
unknown,NOR00047,D-Ala; NMe-Leu; NMe-Leu; NMe-Val; Bmt; Thr; NMe-Gly; NMe-Leu; Val; NMe-Leu; Ala
unknown,NOR00048,D-Ala; NMe-Leu; NMe-Leu; NMe-Val; NMe-Bmt; Abu; NMe-Gly; Val; Val; NMe-Leu; Ala
unknown,NOR00049,D-Ala; Leu; NMe-Leu; NMe-Val; NMe-Bmt; Abu; NMe-Gly; NMe-Leu; Val; NMe-Leu; Ala
unknown,NOR00050,D-Ala; NMe-Leu; NMe-Leu; NMe-Val; NMe-Bmt; Thr; NMe-Gly; Val; Val; NMe-Leu; Ala
unknown,NOR00051,D-Ala; Leu; NMe-Leu; NMe-Val; NMe-Bmt; Abu; NMe-Gly; NMe-Leu; Val; Leu; Ala
unknown,NOR00052,D-Ala; NMe-Leu; NMe-Leu; NMe-Val; NMe-Bmt; Abu; NMe-Gly; NMe-Leu; Val; NMe-Leu; Abu
unknown,NOR00053,D-Ala; NMe-Leu; NMe-Leu; Val; NMe-Bmt; Thr; NMe-Gly; NMe-Leu; Val; NMe-Leu; Ala
unknown,NOR00054,D-Ala; Leu; NMe-Leu; NMe-Val; NMe-Bmt; Nva; NMe-Gly; NMe-Leu; Val; NMe-Leu; Ala
unknown,NOR00055,D-Ala; NMe-Leu; NMe-Leu; NMe-Val; NMe-Bmt; Nva; NMe-Gly; NMe-Leu; Val; Leu; Ala
unknown,NOR00056,D-Ala; NMe-Leu; NMe-Leu; NMe-Val; Me-AOA; Abu; NMe-Gly; NMe-Leu; Val; NMe-Leu; Ala
unknown,NOR00057,D-Ala; NMe-Leu; NMe-Leu; NMe-Val; NMe-Bmt; Nva; NMe-Gly; NMe-Leu; Leu; NMe-Leu; Ala
unknown,NOR00058,D-Ala; NMe-Leu; NMe-Leu; NMe-Val; Bmt; Val; NMe-Gly; NMe-Leu; Val; NMe-Leu; Ala
unknown,NOR00059,D-Ala; NMe-Leu; NMe-Leu; NMe-Val; NMe-Leu; Abu; NMe-Gly; NMe-Leu; Val; NMe-Leu; Ala
unknown,NOR00060,D-Ala; NMe-Leu; NMe-Leu; NMe-Val; NMe-Bmt; Abu; NMe-Gly; NMe-Ile; Val; NMe-Leu; Ala
unknown,NOR00061,D-Ala; NMe-Leu; NMe-Leu; NMe-Val; NMe-Leu; Val; NMe-Gly; NMe-Leu; Val; NMe-Leu; Ala
unknown,NOR00062,D-Ala; NMe-Leu; NMe-Leu; NMe-Val; NMe-Bmt; Abu; NMe-Gly; Ile; Val; NMe-Leu; Ala
unknown,NOR00063,D-Ala; NMe-Leu; NMe-Leu; NMe-Val; NMe-Bmt; Abu; Gly; NMe-Leu; Val; NMe-Leu; Ala
antibiotic,NOR00064,Pro; Ile; NMe-Val; NMe-Ala; bAla; C4:1(3)-OH(2)
antibiotic,NOR00065,Pro; Ile; NMe-Val; NMe-Ala; bAla; Hiv
toxin,NOR00066,Hpr; Ile; NMe-Val; NMe-Ala; bAla; C4:1(3)-OH(2)
toxin,NOR00067,Hpr; Ile; NMe-Val; NMe-Ala; bAla; Hiv
antibiotic,NOR00068,Pro; Val; NMe-Val; NMe-Ala; bAla; C4:1(3)-OH(2)
antibiotic,NOR00069,Pro; Val; NMe-Val; NMe-Ala; bAla; Hiv
antibiotic,NOR00070,Ala; Ile; NMe-Val; NMe-Ala; bAla; C4:1(3)-OH(2)
antibiotic,NOR00071,Pro; Ile; NMe-Ile; NMe-Ala; bAla; C4:1(3)-OH(2)
toxin,NOR00072,Pro; Ile; NMe-Ile; NMe-Ala; bAla; C4:0-OH(2.3)-Cl(4)
toxin,NOR00073,Pro; Ile; Val; NMe-Ala; bAla; C4:1(3)-OH(2)
antibiotic,NOR00074,Pro; Val; Val; NMe-Ala; bAla; Hiv
antibiotic,NOR00075,Pro; Ile; NMe-Ile; NMe-Ala; bAla; Hiv
antibiotic,NOR00076,Pro; Ile; Val; Ala; bAla; Hiv
toxin,NOR00077,Pro; Ile; NMe-Val; NMe-Ala; bAla; iC5:0-OH(2.3)
toxin,NOR00078,Pro; Ile; NMe-Ile; NMe-Ala; bAla; iC5:0-OH(2.3)
toxin,NOR00079,Pro; Ile; NMe-Val; NMe-Ala; bAla; Hiv; D-Glc
antibiotic,NOR00080,Pro; Ile; NMe-Val; NMe-Ala; bAla; iC5:0-OH(2.4)
antibiotic,NOR00081,Pro; Val; NMe-Val; NMe-Ala; bAla; iC5:0-OH(2.4)
antibiotic,NOR00082,Pro; Ile; Val; NMe-Ala; bAla; iC5:0-OH(2.4)
antibiotic,NOR00083,Pro; Ile; NMe-Val; NMe-Ala; bAla; iC5:0-OH(2)-CA(4)
toxin,NOR00084,Hpr; Ile; NMe-Val; NMe-Ala; bAla; iC5:0-OH(2)-CA(4)
toxin,NOR00085,Pro; Val; NMe-Val; NMe-Ala; bAla; iC5:0-OH(2)-CA(4)
antibiotic,NOR00086,Pro; Ile; NMe-Val; NMe-Ala; bAla; C4:0-OH(2)-Ep(3)
toxin,NOR00087,Hpr; Ile; NMe-Val; NMe-Ala; bAla; C4:0-OH(2)-Ep(3)
toxin,NOR00088,Pro; Val; NMe-Val; NMe-Ala; bAla; C4:0-OH(2)-Ep(3)
antibiotic,NOR00089,Pro; Ile; NMe-Val; NMe-Ala; bAla; C4:0-OH(2.3)-Cl(4)
toxin,NOR00090,Pro; Val; NMe-Val; NMe-Ala; bAla; C4:0-OH(2.3)-Cl(4)
antibiotic,NOR00091,Pro; Ile; NMe-Val; NMe-Ala; bAla; C4:0-OH(2.3.4)
antibiotic,NOR00092,D-Hiv; NMe-Ile; D-Hiv; NMe-Ile; D-Hiv; NMe-Ile
antibiotic,NOR00093,D-Hiv; NMe-Ile; D-Hiv; NMe-Ile; D-Hiv; NMe-Val
antibiotic,NOR00094,D-Hiv; NMe-Val; D-Hiv; NMe-Val; D-Hiv; NMe-Val
antibiotic,NOR00095,D-Hiv; NMe-Val; D-Hiv; NMe-Val; D-Hiv; NMe-Ile
antibiotic,NOR00096,aC6:0-OH(2.3); NMe-Val; D-Hiv; NMe-Val; D-Hiv; NMe-Val
antibiotic,NOR00097,aC6:0-OH(2.3); NMe-Val; Hmp; NMe-Val; Hmp; NMe-Val
antibiotic,NOR00098,Hmp; NMe-Val; D-Hiv; NMe-Val; D-Hiv; NMe-Val
antibiotic,NOR00099,Hmp; NMe-Val; Hmp; NMe-Val; D-Hiv; NMe-Val
antibiotic,NOR00100,D-Hiv; NMe-Leu; D-Hiv; NMe-Leu; D-Hiv; NMe-Leu
antibiotic,NOR00101,Hmp; NMe-Val; Hmp; NMe-Val; Hmp; NMe-Val
antibiotic,NOR00102,D-Hiv; NMe-Leu; D-Hiv; NMe-Val; D-Hiv; NMe-Val
antibiotic,NOR00104,D-Hiv; NMe-Leu; D-Hiv; NMe-Ile; D-Hiv; NMe-Ile
antibiotic,NOR00105,D-Hiv; NMe-Leu; D-Hiv; NMe-Leu; D-Hiv; NMe-Val
toxin,NOR00106,D-Ala; Leu; D-bMe-Asp; Ala; Adda; D-Glu; NMe-Dha
toxin,NOR00107,D-Ala; Arg; D-bMe-Asp; Arg; Adda; D-Glu; NMe-Dha
toxin,NOR00108,D-Ala; Tyr; D-bMe-Asp; Arg; Adda; D-Glu; NMe-Dha
toxin,NOR00109,D-Ala; Leu; D-bMe-Asp; Arg; Adda; D-Glu; NMe-Dha
toxin,NOR00110,D-Ala; Leu; D-bMe-Asp; Trp; Adda; D-Glu; NMe-Dha
toxin,NOR00111,D-Ala; Leu; D-bMe-Asp; Leu; Adda; D-Glu; NMe-Dha
toxin,NOR00112,D-Ala; Ala; D-bMe-Asp; Arg; Adda; D-Glu; NMe-Dha
toxin,NOR00113,D-Ala; Tyr; D-bMe-Asp; Ala; Adda; D-Glu; NMe-Dha
toxin,NOR00114,D-Ala; Leu; D-Asp; Arg; Adda; D-Glu; dh-Ala
toxin,NOR00115,D-Ala; Glu; D-Asp; MeO-Glu; Adda; D-Glu; dh-Ala
toxin,NOR00116,D-Ala; Val; D-bMe-Asp; Phe; Adda; D-Glu; NMe-Dha
toxin,NOR00117,D-Ala; Leu; D-Asp; Arg; Adda; D-Glu; NMe-Dha
toxin,NOR00118,D-Ala; Leu; D-bMe-Asp; Arg; Adda; D-Glu; dh-Ala
toxin,NOR00119,D-Ala; Glu; D-bMe-Asp; MeO-Glu; Adda; D-Glu; dh-Ala
toxin,NOR00120,D-Ala; MeO-Glu; D-Asp; MeO-Glu; Adda; D-Glu; dh-Ala
toxin,NOR00121,D-Ala; Leu; D-bMe-Asp; Phe; Adda; D-Glu; NMe-Dha
toxin,NOR00122,D-Ala; Leu; D-Asp; Arg; Adda; MeO-D-Glu; NMe-Dha
toxin,NOR00123,D-Ala; MeO-Glu; D-bMe-Asp; MeO-Glu; Adda; D-Glu; dh-Ala
toxin,NOR00124,D-Ala; Leu; D-bMe-Asp; Arg; Adda; D-Glu; Ser
toxin,NOR00125,D-Ala; Leu; D-bMe-Asp; Tyr; Adda; D-Glu; NMe-Dha
toxin,NOR00126,D-Ala; Glu; D-bMe-Asp; MeO-Glu; Adda; D-Glu; Ser
toxin,NOR00127,D-Ala; MeO-Glu; D-Asp; MeO-Glu; Adda; D-Glu; Ser
toxin,NOR00128,D-Ala; Hil; D-bMe-Asp; Arg; Adda; D-Glu; NMe-Dha
toxin,NOR00129,D-Ala; Leu; D-bMe-Asp; Arg; DMAdda; D-Glu; NMe-Dha
toxin,NOR00130,D-Ala; Leu; D-Asp; Arg; ADMAdda; D-Glu; NMe-Dha
toxin,NOR00131,D-Ala; Leu; D-bMe-Asp; Arg; Adda; MeO-D-Glu; NMe-Dha
toxin,NOR00132,D-Ala; Arg; D-Asp; Arg; Adda; D-Glu; dh-Ala
toxin,NOR00133,D-Ala; Leu; D-bMe-Asp; Arg; Adda; D-Glu; NMe-Ser
toxin,NOR00134,D-Ala; Phe; D-bMe-Asp; Arg; Adda; D-Glu; dh-Ala
toxin,NOR00135,D-Ala; MeO-Glu; D-bMe-Asp; MeO-Glu; Adda; D-Glu; Ser
toxin,NOR00136,D-Ala; Leu; D-bMe-Asp; Arg; ADMAdda; D-Glu; NMe-Dha
toxin,NOR00137,D-Ala; Leu; D-Asp; Har; ADMAdda; D-Glu; NMe-Dha
toxin,NOR00138,D-Ala; Arg; D-Asp; Arg; Adda; D-Glu; NMe-Dha
toxin,NOR00139,D-Ala; Arg; D-bMe-Asp; Arg; Adda; D-Glu; dh-Ala
toxin,NOR00140,D-Ala; Phe; D-bMe-Asp; Arg; Adda; D-Glu; NMe-Dha
toxin,NOR00141,D-Ala; Tyr; D-bMe-Asp; Arg; Adda; D-Glu; dh-Ala
toxin,NOR00142,D-Ala; Tyr; D-Asp; Arg; Adda; D-Glu; NMe-Dha
toxin,NOR00143,D-Ala; Leu; D-bMe-Asp; Har; ADMAdda; D-Glu; NMe-Dha
toxin,NOR00144,D-Ser; Leu; D-bMe-Asp; Arg; ADMAdda; D-Glu; NMe-Dha
toxin,NOR00145,D-Ala; Leu; D-bMe-Asp; Arg; ADMAdda; D-Glu; NMe-Ser
toxin,NOR00146,D-Ala; Arg; D-bMe-Asp; Arg; Adda; D-Glu; Ser
toxin,NOR00147,D-Ala; Arg; D-Asp; Arg; Adda; D-Glu; NMe-Ser
toxin,NOR00148,D-Ala; Trp; D-bMe-Asp; Arg; Adda; D-Glu; NMe-Dha
toxin,NOR00149,D-Ala; Leu; D-bMe-Asp; Arg; Adda; D-Glu; NMe-Lan
toxin,NOR00150,D-Ala; Hty; D-Asp; Arg; Adda; D-Glu; NMe-Dha
toxin,NOR00151,D-Ala; Hty; D-bMe-Asp; Arg; Adda; D-Glu; dh-Ala
toxin,NOR00152,D-Ala; Hty; D-bMe-Asp; Arg; Adda; D-Glu; NMe-Dha
toxin,NOR00153,D-Ala; Hty; D-bMe-Asp; Arg; Adda; D-Glu; Ser
toxin,NOR00154,D-Ala; Hty; D-Asp; Arg; ADMAdda; D-Glu; dhAbu
toxin,NOR00155,D-Ala; O-Met; D-bMe-Asp; Arg; Adda; D-Glu; NMe-Dha
toxin,NOR00156,D-Ala; Tyr; D-bMe-Asp; O-Met; Adda; D-Glu; NMe-Dha
toxin,NOR00157,D-Ala; Hty; D-Asp; Arg; Adda; D-Glu; dh-Ala
toxin,NOR00158,D-Ala; Hph; D-bMe-Asp; Arg; Adda; D-Glu; dh-Ala
toxin,NOR00159,D-Ala; Arg; D-Asp; Arg; ADMAdda; D-Glu; dhAbu
siderophore,NOR00160,ChrP; Lys; D-OH-Asp; Ala; D-aThr; Ala; D-OH-cOrn
siderophore,NOR00161,ChrP; D-Ser; Lys; OH-His; D-aThr; Ser; OH-cOrn
siderophore,NOR00162,ChrP; D-Ala; Lys; Thr; D-Ser; Ac-OH-Orn; OH-cOrn
siderophore,NOR00163,ChrI; Asp; Ala; Asp; D-Ac-OH-Orn; Ser; OH-cOrn
siderophore,NOR00164,ChrP; D-Ser; D-Ac-OH-Orn; Ala; Gly; D-aThr; Ala; OH-cOrn
siderophore,NOR00165,ChrP; D-Ser; Val; OH-Asp; Gly; Thr; D-Ser; OH-cOrn
siderophore,NOR00166,ChrP; Asp; Orn; D-OH-Asp; Dab; Gly; Ser; OH-cOrn
siderophore,NOR00167,ChrP; D-Ser; Orn; OH-Asp; Ser; Ser; D-Ser; OH-cOrn
siderophore,NOR00168,ChrP; D-Ser; D-Fo-OH-Orn; Orn; Gly; D-aThr; Ser; OH-cOrn
siderophore,NOR00169,ChrP; D-Lys; D-Ac-OH-Orn; Ala; Gly; D-aThr; Ser; OH-cOrn
siderophore,NOR00170,ChrP; Asp; Lys; D-OH-Asp; D-Ser; Ala; D-Ser; OH-cOrn
siderophore,NOR00171,Glu; ChrI; Asp; Lys; Thr; D-OH-Asp; Thr; D-aThr; OH-cOrn
siderophore,NOR00172,ChrP; Asp; Lys; D-OH-Asp; Ser; Gly; D-aThr; Lys; OH-cOrn
siderophore,NOR00173,ChrP; D-Ser; D-Ac-OH-Orn; Gly; D-aThr; Thr; Gln; Gly; D-Ser; D-OH-cOrn
siderophore,NOR00174,ChrP; D-Lys; D-Ac-OH-Orn; Gly; D-aThr; Thr; Gln; Gly; D-Ser; OH-cOrn
siderophore,NOR00175,ChrP; Asp; Lys; D-OH-Asp; Ser; Thr; D-Ala; D-Glu; Ser; OH-cOrn
siderophore,NOR00176,ChrP; Asp; Lys; D-OH-Asp; Ser; D-aThr; D-Ala; Thr; D-Lys; OH-cOrn
siderophore,NOR00177,ChrP; Asp; Ac-OH-Orn; Dab; Thr; D-Ala; Thr; Thr; D-Gln; OH-cOrn
siderophore,NOR00178,ChrP; Ser; Dab; Gly; Ser; D-OH-Asp; Ala; Gly; D-Ala; Gly; OH-cOrn
siderophore,NOR00179,ChrP; D-Ala; D-Lys; Gly; Gly; OH-Asp; D-Gln; Dab; Ser; D-Ala; OH-cOrn
siderophore,NOR00180,ChrP; Ser; Thr; D-Ser; Orn; OH-Asp; D-Gln; Dab; Ser; D-aThr; OH-cOrn
siderophore,NOR00181,ChrP; D-Ala; D-Lys; Gly; Gly; OH-Asp; D-Gln; Dab; Gly; Ser; OH-cOrn
siderophore,NOR00182,ChrP; D-Ser; Lys; Ser; D-Ser; Thr; D-Ser; Ac-OH-Orn; Thr; D-Ser; OH-cOrn
siderophore,NOR00183,ChrI; Asp; Lys; D-Ac-OH-Orn; Thr; Ser; Ser; Gly; Ser; Ser; D-OH-cOrn
siderophore,NOR00184,ChrP; D-Ala; D-Lys; Gly; Gly; D-OH-Asp; D-Gln; D-Ser; Ala; Gly; D-aThr; OH-cOrn
siderophore,NOR00185,ChrP; D-Ala; D-Lys; Gly; Gly; D-OH-Asp; D-Gln; D-Ser; Ala; D-Ala; D-Ala; Ala; OH-cOrn
siderophore,NOR00186,ChrP; D-Ser; Lys; D-Ala; Ac-OH-Orn; Thr; D-Ala; Gly; D-Gln; D-Ala; Ser; Ser; OH-cOrn
siderophore,NOR00187,ChrP; D-Ser; Ala; Ac-OH-Orn; Orn; D-Asp; Ac-OH-Orn; Ser
siderophore,NOR00188,ChrP; D-Ser; Ser; Fo-OH-Orn; Lys; Fo-OH-Orn; Lys; Ser
siderophore,NOR00189,ChrP; D-Ser; Lys; Fo-OH-Orn; Lys; D-Fo-OH-Orn; D-Glu; D-Ser
siderophore,NOR00190,ChrP; D-Ser; Arg; D-Ser; Fo-OH-Orn; Lys; Fo-OH-Orn; Thr; Thr
siderophore,NOR00191,ChrP; D-Ser; Ser; Fo-OH-Orn; Ser; Ser; Lys; Fo-OH-Orn; Lys; Ser
siderophore,NOR00192,ChrP; D-Ser; Lys; Gly; Fo-OH-Orn; D-Ser; Ser; Gly; Lys; D-Fo-OH-Orn; Glu; Ser
siderophore,NOR00193,ChrP; D-Ser; Lys; Gly; Fo-OH-Orn; Lys; D-Fo-OH-Orn; Ser
siderophore,NOR00194,ChrP; D-Ser; Orn; Fo-OH-Orn; D-Ser; Ser; Lys; Fo-OH-Orn; Ser
siderophore,NOR00195,ChrP; D-Ser; Lys; Gly; Fo-OH-Orn; Ser; D-Ser; Gly; Lys; D-Fo-OH-Orn; Ser
siderophore,NOR00196,ChrI; Hse; D-Hse; Dab; D-Ac-OH-Orn; D-Ser; Ac-OH-Orn
siderophore,NOR00197,ChrP; D-Ser; Dab; Fo-OH-Orn; D-Gln; D-Fo-OH-Orn; Gly
siderophore,NOR00198,ChrP; Lys; D-OH-Asp; Thr; Thr; Gly; D-OH-Asp; Ser
siderophore,NOR00199,ChrP; Lys; D-OH-Asp; Thr; Thr; Ser; D-OH-Asp; Ser
siderophore,NOR00200,ChrP; D-Ser; Dab; Fo-OH-Orn; Gln; D-Gln; D-Fo-OH-Orn; Gly
siderophore,NOR00201,ChrP; D-Ser; D-Ac-OH-Orn; Ala; Gly; D-Ser; Ala; OH-Asp; Thr
siderophore,NOR00202,ChrP; D-Ser; D-Ac-OH-Orn; Ala; Gly; D-Ser; Ser; D-OH-Asp; Thr
siderophore,NOR00203,ChrP; Asp; D-Fo-OH-Orn; Lys; Thr; Ala; Ala; D-Fo-OH-Orn; Ala
siderophore,NOR00204,ChrP; Asn; D-Fo-OH-Orn; Lys; Thr; Ala; Ala; D-Fo-OH-Orn; Lys
siderophore,NOR00205,ChrP; Asp; D-OH-Orn; {; C4:0-OH(3); }; D-Dab; Thr; Gly; D-Ser; Ser; OH-Asp; Thr
siderophore,NOR00206,ChrP; Asp; D-OH-Orn; {; C4:0-OH(3); }; D-Dab; Thr; Gly; Ser; Ser; OH-Asp; aThr
siderophore,NOR00207,ChrA; Ser; D-Ser; Hse; Gly; D-OH-Asp; Hse; Hse; Hse; OH-Orn; {; C4:0-OH(3); }; Hse
siderophore,NOR00208,ChrA; Asp; D-Ser; Hse; Gly; D-OH-Asp; Ser; D-Cit; Hse; D-Ac-OH-Orn; Hse
antibiotic,NOR00209,Ala; Aca
siderophore,NOR00210,diOH-Bz; D-Lys; Ser
antibiotic,NOR00211,aC15:0-OH(3); Glu; Leu; D-Leu; Val; Asp; D-Leu; Leu
antitumor,NOR00212,C15:0-OH(3); Gln; Leu; D-Leu; Val; Asp; D-Leu; Ile
antibiotic,NOR00213,aC15:0-OH(3); Glu; Leu; D-Leu; Val; Asp; D-Leu; Val
antibiotic,NOR00214,aC15:0-OH(3); Glu; Leu; D-Leu; Val; Asp; D-Leu; Ile
antibiotic,NOR00215,iC14:0-OH(3); Glu; Leu; D-Leu; Ala; Asp; D-Leu; Leu
antibiotic,NOR00216,aC15:0-OH(3); Glu; Leu; D-Leu; Leu; Asp; D-Leu; Leu
antibiotic,NOR00217,aC15:0-OH(3); Glu; Leu; D-Leu; Ile; Asp; D-Leu; Leu
surfactant,NOR00218,aC15:0-OH(3); Glu; Leu; D-Leu; Ile; Asp; D-Leu; Ile
surfactant,NOR00219,aC15:0-OH(3); Glu; Ile; D-Leu; Ile; Asp; D-Leu; Ile
antibiotic,NOR00220,C14:0-NH2(3); Asn; D-Tyr; D-Asn; Gln; Pro; D-Asn; Ser
surfactant,NOR00221,iC14:0-NH2(3); Asp; D-Tyr; D-Asn; Gln; Pro; D-Asn; Ser
antibiotic,NOR00222,aC17:0-NH2(3); Asn; D-Tyr; D-Asn; Gln; Pro; D-Ser; Asn
antibiotic,NOR00223,C14:0-NH2(3); Asn; D-Tyr; D-Asn; Ser; Glu; D-Ser; Thr
antibiotic,NOR00224,aC17:0-NH2(3); Asn; D-Tyr; D-Asn; Gln; Pro; D-Asn; Thr
antibiotic,NOR00225,C14:0-NH2(3); Asn; D-Tyr; D-Asn; Pro; Glu; D-Ser; Thr
antibiotic,NOR00226,C16:0-OH(3); Glu; D-Orn; Tyr; D-aThr; Glu; D-Ala; Pro; Glu; D-Tyr; Ile
antibiotic,NOR00227,C16:0-OH(3); Glu; D-Orn; Tyr; D-aThr; Glu; D-Val; Pro; Glu; D-Tyr; Ile
antibiotic,NOR00228,D-Val; Pro; NMe-Gly; NMe-Val; Thr; ChrAct; Thr; D-Val; Pro; NMe-Gly; NMe-Val
antibiotic,NOR00229,D-Val; Pro; NMe-Gly; NMe-Val; Thr; ChrAct; Thr; D-Val; 3OH-Pro; NMe-Gly; NMe-Val
antibiotic,NOR00230,D-Val; NMe-Gly; NMe-Gly; NMe-Val; Thr; ChrAct; Thr; D-Val; NMe-Gly; NMe-Gly; NMe-Val
antibiotic,NOR00231,D-Val; NMe-Gly; NMe-Gly; NMe-Val; Thr; ChrAct; Thr; D-Val; Pro; NMe-Gly; NMe-Val
antibiotic,NOR00232,D-Val; 4oxo-Pro; NMe-Gly; NMe-Val; Thr; ChrAct; Thr; D-Val; Pro; NMe-Gly; NMe-Val
antibiotic,NOR00233,D-aIle; Pro; NMe-Gly; NMe-Val; Thr; ChrAct; Thr; D-Val; Pro; NMe-Gly; NMe-Val
antibiotic,NOR00234,D-aIle; Pro; NMe-Gly; NMe-Val; Thr; ChrAct; Thr; D-aIle; Pro; NMe-Gly; NMe-Val
antibiotic,NOR00235,D-Val; 3OH-5Me-Pro; NMe-Gly; NMe-Val; Thr; ChrAct; 4OH-Thr; D-Val; 4oxo-5Me-Pro; NMe-Gly; NMe-Ala
antibiotic,NOR00236,D-Val; 3OH-5Me-Pro; NMe-Gly; NMe-Val; Thr; ChrAct; Thr; D-Val; 4oxo-5Me-Pro; NMe-Gly; NMe-Ala
antibiotic,NOR00237,D-Val; 3OH-5Me-Pro; NMe-Gly; NMe-Val; Thr; ChrAct; 4Cl-Thr; D-Val; 4oxo-5Me-Pro; NMe-Gly; NMe-Ala
antibiotic,NOR00238, D-Val; 5Me-Pro; NMe-Gly; NMe-Val; Thr; ChrAct; Thr; D-Val; 4oxo-5Me-Pro; NMe-Gly; NMe-Ala
antibiotic,NOR00239,D-Val; 5Me-Pro; NMe-Gly; NMe-Val; Thr; ChrAct; 4Cl-Thr; D-Val; 4oxo-5Me-Pro; NMe-Gly; NMe-Ala
antibiotic,NOR00240,D-Val; Hpr; NMe-Gly; NMe-Val; Thr; ChrAct; Thr; D-Val; 4oxo-Hpr; NMe-Gly; NMe-Val
antibiotic,NOR00241,D-Val; Hpr; NMe-Gly; NMe-Val; Thr; ChrAct; Thr; D-Val; Pro; NMe-Gly; NMe-Val
antibiotic,NOR00242,D-Val; Hpr; NMe-Gly; NMe-Val; Thr; ChrAct; Thr; D-Val; Hpr; NMe-Gly; NMe-Val
antibiotic,NOR00243,NFo-Val; Gly; Ala; D-Leu; Ala; D-Val; Val; D-Val; Trp; D-Leu; Trp; D-Leu; Trp; D-Leu; Trp; Eta
antibiotic,NOR00244,NFo-Val; Gly; Ala; D-Leu; Ala; D-Val; Val; D-Val; Trp; D-Leu; Phe; D-Leu; Trp; D-Leu; Trp; Eta
antibiotic,NOR00245,NFo-Val; Gly; Ala; D-Leu; Ala; D-Val; Val; D-Val; Trp; D-Leu; Tyr; D-Leu; Trp; D-Leu; Trp; Eta
antibiotic,NOR00246,NFo-Ile; Gly; Ala; D-Leu; Ala; D-Val; Val; D-Val; Trp; D-Leu; Trp; D-Leu; Trp; D-Leu; Trp; Eta
antibiotic,NOR00247,NFo-Ile; Gly; Ala; D-Leu; Ala; D-Val; Val; D-Val; Trp; D-Leu; Phe; D-Leu; Trp; D-Leu; Trp; Eta
antibiotic,NOR00248,NFo-Ile; Gly; Ala; D-Leu; Ala; D-Val; Val; D-Val; Trp; D-Leu; Tyr; D-Leu; Trp; D-Leu; Trp; Eta
antibiotic,NOR00249,Val; Orn; Leu; D-Phe; Pro; Val; Orn; Leu; D-Phe; Pro
siderophore,NOR00250,diOH-Bz; NSPD; {; DMOG; }; DMOG
siderophore,NOR00251,diOH-Bz; Ser; Ser; {; diOH-Bz; }; Ser; diOH-Bz
antibiotic,NOR00252,NMe-Phe; D-Hiv; NMe-Phe; D-Hiv; NMe-Phe; D-Hiv
antibiotic,NOR00253,NMe-Phe; D-Hmp; NMe-Phe; D-Hiv; NMe-Phe; D-Hiv
antibiotic,NOR00254,Phe; D-Hiv; NMe-Phe; D-Hiv; NMe-Phe; D-Hiv
antibiotic,NOR00255,Ile; D-Hiv; NMe-Phe; D-Hiv; NMe-Phe; D-Hiv
antibiotic,NOR00256,NMe-Phe; 4Me-D-Hva; NMe-Phe; D-Hiv; NMe-Phe; D-Hiv
unknown,NOR00257,NFo-Gln; Thr; Hty; Ahp; Thr; NMe-OMe-Tyr; Ile
unknown,NOR00258,NFo-Gln; Thr; Hty; Ahp; Thr; Cl-NMe-Tyr; Ile
unknown,NOR00259,NFo-Pro; Gln; Thr; Hty; Ahp; Thr; NMe-OMe-Tyr; Ile
unknown,NOR00260,NFo-Pro; Gln; Thr; Hty; Ahp; Thr; Cl-NMe-Tyr; Ile
protease inhibitor,NOR00261,Phe; NMe-Ala; Hty; Val; D-Lys; CO; Tyr
protease inhibitor,NOR00262,Phe; NMe-Ala; Hty; Val; D-Lys; CO; Arg
protease inhibitor,NOR00263,Phe; NMe-Ala; Hty; Val; D-Lys; CO; Lys
protease inhibitor,NOR00264,Phe; NMe-Ala; Hty; Val; D-Lys; CO; Phe
protease inhibitor,NOR00265,Phe; NMe-Ala; 3Me-Hty; Val; D-Lys; CO; Arg
protease inhibitor,NOR00266,Phe; NMe-Ala; Hty; Ile; D-Lys; CO; Arg
protease inhibitor,NOR00267,Tyr; NMe-Leu; Hty; Ile; D-Lys; CO; Arg
protease inhibitor,NOR00268,Ile; NMe-Hty; Hty; Ile; D-Lys; CO; Arg
protease inhibitor,NOR00269,Leu; NMe-Ala; Hty; Val; D-Lys; CO; Ile
protease inhibitor,NOR00270,Phe; NMe-Ala; Hty; Val; D-Lys; CO; Ile
protease inhibitor,NOR00271,Ile; NMe-Hty; Hty; Val; D-Lys; CO; Ile
unknown,NOR00272,Phe; NMe-Ala; Hty; Val; D-Lys; CO; Trp
unknown,NOR00273,Phe; NMe-Ala; Hty; aIle; D-Lys; CO; Trp
unknown,NOR00274,Ac-Ser; NMe-Hty; Hph; O2-Met; D-Lys; CO; Ile
protease inhibitor,NOR00275,Ac-Ser; NMe-Hty; Hph; O-Met; D-Lys; CO; Ile
protease inhibitor,NOR00276,Phe; NMe-Ala; Hty; Met; D-Lys; CO; Arg
protease inhibitor,NOR00277,Phe; NMe-Hty; Hty; Ile; D-Lys; CO; Arg
protease inhibitor,NOR00278,Phe; NMe-Ala; Hty; Ile; D-Lys; CO; Tyr
toxin,NOR00279,D-bMe-Asp; Arg; Adda; D-Glu; 2Dh-Mabu
siderophore,NOR00280,DHPT; N-OH-Hta
antibiotic,NOR00281,D-Hmp; NMe-Val; Phe; NMe-Phe; Pro; aIle; NMe-Val; Leu; bOH-NMe-Val
antibiotic,NOR00282,D-Hiv; NMe-Val; Phe; NMe-Phe; Pro; aIle; NMe-Val; Leu; bOH-NMe-Val
antibiotic,NOR00283,D-Hmp; NMe-Val; Phe; NMe-Phe; Pro; Val; NMe-Val; Leu; bOH-NMe-Val
antibiotic,NOR00284,D-Hmp; NMe-Val; Phe; NMe-Phe; Pro; aIle; NMe-Val; Leu; gOH-NMe-Val
antibiotic,NOR00285,D-Hmp; NMe-Val; Phe; bOH-NMe-Phe; Pro; aIle; NMe-Val; Leu; bOH-NMe-Val
antibiotic,NOR00286,D-Hmp; NMe-Val; Phe; NMe-Phe; Pro; aIle; Val; Leu; bOH-NMe-Val
antibiotic,NOR00287,D-Hmp; NMe-Val; Phe; NMe-Phe; Pro; aIle; NMe-Val; Leu; NMe-Val
antibiotic,NOR00288,D-Hmp; NMe-Val; Phe; bOH-NMe-Phe; Pro; aIle; NMe-Val; Leu; NMe-Val
antibiotic,NOR00289,D-Ph-Lac; NMe-Leu; D-Lac; NMe-Leu; D-Ph-Lac; NMe-Leu; D-Lac; NMe-Leu
antibiotic,NOR00290,D-Ph-Lac; NMe-Leu; D-Ph-Lac; NMe-Leu; D-Ph-Lac; NMe-Leu; D-Ph-Lac; NMe-Leu
antibiotic,NOR00291,D-Ph-Lac; NMe-Leu; D-Ph-Lac; NMe-Leu; D-Lac; NMe-Leu; D-Ph-Lac; NMe-Leu
antibiotic,NOR00292,D-Lac; NMe-Leu; D-Lac; NMe-Leu; D-Lac; NMe-Leu; D-Ph-Lac; NMe-Leu
antibiotic,NOR00293,D-Lac; NMe-Leu; 4OH-D-Ph-Lac; NMe-Leu; D-Lac; NMe-Leu; D-Ph-Lac; NMe-Leu
toxin,NOR00294,CMA; CFA
toxin,NOR00295,norCMA; CFA
antibiotic,NOR00296,iC13:1(3); Asn; L-Dbu; Hpr; bMe-Asp; Asp; Gly; Asp; Gly; D-Dbu; Val; Pro
antibiotic,NOR00297,iC13:1(3); Asp; Dbu; Hpr; bMe-Asp; Asp; Gly; Asp; Gly; D-Dbu; Val; Pro
antibiotic,NOR00298,D-Phe; Pro; Phe; D-Phe; Asn; Gln; Tyr; Val; Orn; Leu
antibiotic,NOR00299,D-Phe; Pro; Trp; D-Phe; Asn; Gln; Tyr; Val; Orn; Leu
antibiotic,NOR00300,D-Phe; Pro; Trp; D-Trp; Asn; Gln; Tyr; Val; Orn; Leu
antibiotic,NOR00301,D-Phe; Pro; Trp; D-Trp; Asn; Gln; Trp; Val; Orn; Leu
toxin,NOR00303,Trp; Pro
toxin,NOR00304,D-Pro; Ala; D-Ala; C10:0-NH2(2)-Ep(9)-oxo(8)
toxin,NOR00305,Amv; Hiv; Ala; dh-Ala
toxin,NOR00306,Apv; Hiv; Ala; dh-Ala
toxin,NOR00307,Ahv; Hiv; Ala; dh-Ala
unknown,NOR00308,C10:0-Me(4)-OH(3); Phe; Val; D-Val
unknown,NOR00309,C10:0-Me(4)-OH(3); Val; Phe; D-Ile
unknown,NOR00310,C10:0-Me(4)-OH(3); Val; Phe; D-aIle
unknown,NOR00311,C10:0-Me(4)-OH(3); Phe; Phe; D-Ile
unknown,NOR00312,C10:0-Me(4)-OH(3); Phe; Phe; D-aIle
unknown,NOR00313,C8:0-Me(4)-OH(3); Phe; Val; D-Val
unknown,NOR00314,C8:0-Me(4)-OH(3); Val; Phe; D-Ile
unknown,NOR00315,C8:0-Me(4)-OH(3); Val; Phe; D-aIle
unknown,NOR00316,C8:0-Me(4)-OH(3); Phe; Phe; D-Ile
unknown,NOR00317,C8:0-Me(4)-OH(3); Phe; Phe; D-aIle
unknown,NOR00318,C11:0-OH(3); Phe; Ala; D-Leu
unknown,NOR00319,C9:0-OH(3); Phe; Ala; D-Leu
unknown,NOR00320,C8:0-Me(4)-OH(3); Trp; Phe; D-aIle
unknown,NOR00321,C10:0-Me(4)-OH(3); Trp; Phe; D-aIle
immunomodulating,NOR00322,C10:0-Me(4)-OH(3); Phe; Ala; D-Ile
unknown,NOR00323,C10:0-Me(4)-OH(3); Phe; Ala; D-aIle
unknown,NOR00324,C8:0-Me(4)-OH(3); Val; Ala; D-Leu
unknown,NOR00325,C8:0-Me(4)-OH(3); Tyr; Ala; D-Leu
antiatherogenic,NOR00326,C8:0-Me(4)-OH(3); Phe; Ala; D-Leu
unknown,NOR00327,C10:0-Me(4)-OH(3); Phe; Ala; D-Leu
antiatherogenic,NOR00328,C8:0-Me(4)-OH(3); Phe; Ala; D-aIle
antibiotic,NOR00329,C9:1(4)-Me(2.4.6)-OH(8); Ala; NMe-Br-Trp; bTyr
siderophore,NOR00330,diOH-Bz; Gly; Thr; Thr; {; Gly; diOH-Bz; }; Thr; Gly; diOH-Bz
antibiotic,NOR00331,C10:0-OH(3); Leu; D-Glu; D-aThr; D-Val; Leu; D-Ser; Leu; D-Ser; Ile
antibiotic,NOR00332,C10:0-OH(3); Leu; D-Gln; D-aThr; D-Val; Leu; D-Ser; Leu; D-Ser; Ile
antibiotic,NOR00333,C10:0-OH(3); Leu; D-Glu; D-aThr; D-aIle; Leu; D-Ser; Leu; D-Ser; Ile
antibiotic,NOR00334,C10:0-OH(3); Leu; D-Glu; D-aThr; D-aIle; Leu; D-Ser; Leu; D-Ser; Leu
antibiotic,NOR00335,C10:0-OH(3); Leu; D-Glu; D-aThr; D-Val; Leu; D-Ser; Leu; D-Ser; Val
antibiotic,NOR00336,C10:0-OH(3); Leu; D-Glu; D-aThr; D-Val; Leu; D-Ser; Leu; D-Ser; Leu
antibiotic,NOR00337,C10:0-OH(3); Leu; D-Glu; D-aThr; D-Val; D-Leu; D-Ser; Leu; D-Ser; Ile
antibiotic,NOR00338,C10:0-OH(3); Leu; D-Glu; D-aThr; D-Ile; D-Leu; D-Ser; Leu; D-Ser; Ile
antibiotic,NOR00339,C10:0-OH(3); D-Leu; D-Asp; D-aThr; D-Leu; D-Leu; D-Ser; Leu; D-Gln; Leu; Ile; Asp
antibiotic,NOR00340,C10:0-OH(3); D-Leu; D-Asp; D-aThr; D-Leu; D-Leu; D-Ser; Leu; D-Gln; Leu; Ile; Glu
antibiotic,NOR00341,C10:0-OH(3); D-Leu; Asp; Thr; D-Leu; D-Leu; D-Ser; D-Leu; D-Ser; D-Leu; Ile; D-Asp
antibiotic,NOR00342,C10:0-OH(3); D-Leu; D-Asp; D-aThr; D-Leu; D-Leu; D-Ser; Leu; D-Ser; Leu; Ile; Asp
antibiotic,NOR00343,C10:0-OH(3); D-Leu; D-Asp; D-Thr; D-Leu; D-Leu; D-Ser; Leu; D-Ser; Ile; Ile; Asp
antibiotic,NOR00344,C8:0-OH(3); dhAbu; D-Pro; D-Ser; D-Leu; D-Val; D-Ser; D-Leu; D-Val; Val; D-Gln; Leu; D-Val; dhAbu; D-aThr; Ile; D-Hse; D-Dab; Lys
antibiotic,NOR00345,C8:0-OH(3); dhAbu; D-Pro; D-Ser; D-Leu; D-Val; D-Ser; D-Leu; D-Val; Val; D-Gln; Leu; D-Val; dhAbu; D-aThr; Ile; Gly; D-Dab; Lys
antibiotic,NOR00346,C8:0-OH(3); dhAbu; D-Pro; D-Ser; D-Leu; D-Val; D-Ser; D-Leu; D-Val; Val; D-Gln; Leu; D-Val; dhAbu; D-aThr; Val; D-Hse; D-Dab; Lys
antibiotic,NOR00347,C8:0-OH(3); dhAbu; D-Pro; D-Ser; D-Leu; D-Val; D-Ser; D-Leu; D-Val; Val; D-Gln; Leu; D-Val; dhAbu; D-aThr; Leu; D-Hse; D-Dab; Lys
antibiotic,NOR00348,C8:0-OH(3); dhAbu; D-Pro; D-Ser; D-Leu; D-Val; D-Ser; D-Leu; D-Val; Val; D-Gln; Leu; D-Val; dhAbu; D-aThr; Leu; Gly; D-Dab; Lys
antibiotic,NOR00349,C8:0-OH(3); dhAbu; D-Pro; Leu; D-Ala; D-Ala; D-Ala; D-Ala; D-Val; Gly; D-Ala; D-Val; D-Ala; D-Val; dhAbu; D-aThr; Ala; Dab; D-Dab; Phe
antibiotic,NOR00350,C10:0-OH(3); dhAbu; Pro; Ala; Ala; Ala; Val; Val; dhAbu; Hse; Val; aIle; dh-Ala; Ala; Ala; Ala; Val; dhAbu; aThr; Ala; Dab; Ser; Ile
antibiotic,NOR00351,C10:0-OH(3); dhAbu; D-Pro; D-Val; Val; D-Ala; D-Ala; D-Val; D-Val; dhAbu; D-Ala; D-Val; Ala; D-Ala; dhAbu; D-aThr; D-Ser; D-Ala; dhAbu; Ala; Dab; D-Dab; Tyr
antibiotic,NOR00352,C10:0-OH(3); dhAbu; D-Pro; D-Val; Ala; D-Ala; Val; D-Leu; D-Ala; D-Ala; dhAbu; D-Val; dhAbu; D-Ala; D-Val; D-Ala; D-Ala; dhAbu; D-aThr; D-Ser; D-Ala; Val; Ala; Dab; D-Dab; Tyr
antibiotic,NOR00353,C10:0-OH(3); dhAbu; Pro; Val; Leu; Ala; Ala; Leu; Val; dh-Ala; Ala; Val; Ala; Ala; dhAbu; aThr; Ser; Ala; dhAbu; Ala; Dab; Dab; Tyr
antibiotic,NOR00354,C10:0-OH(3); dhAbu; Pro; Val; Leu; Ala; Ala; Ala; Val; dhAbu; Ala; Val; Ala; Ala; dhAbu; aThr; Ser; Ala; dhAbu; Ala; Dab; Dab; Tyr
antibiotic,NOR00355,C10:0-OH(3); dhAbu; D-Pro; D-Val; Ala; D-Ala; Val; D-Leu; D-Ala; D-Ala; dhAbu; D-Val; dhAbu; D-Ala; D-Val; D-Ala; D-Ala; dhAbu; D-aThr; D-Ser; D-Ala; Val; Ala; Dab; D-Dab; Phe
antibiotic,NOR00356,C12:0-OH(3); Ser; D-Ser; Dab; D-Dab; Arg; Phe; dhAbu; OH-Asp; 4Cl-Thr
antibiotic,NOR00357,C14:0-OH(3); Ser; D-Dab; Dab; D-Hse; Orn; aThr; dhAbu; OH-Asp; 4Cl-Thr
antibiotic,NOR00358,C14:0-OH(3); Ser; D-Dab; Gly; D-Hse; Orn; aThr; dhAbu; OH-Asp; 4Cl-Thr
antibiotic,NOR00359,C14:0-OH(3.4); Ser; D-Dab; Asp; Lys; Dab; aThr; dhAbu; OH-Asp; 4Cl-Thr
antibiotic,NOR00360,C16:0-OH(3.4); Ser; D-Orn; Asn; D-Hse; His; aThr; dhAbu; OH-Asp; 4Cl-Thr
antibiotic,NOR00361,C6:0; Leu; Glu; Leu; Ile; Gln; Ser; Val; Ile; Ser; Leu; Val; Ser
antibiotic,NOR00362,C6:0; Leu; Glu; Leu; Ile; Gln; Ser; Val; Ile; Ser; Leu; Leu; Ser
antibiotic,NOR00364,iC12:0-OH(3); Gln; Leu; D-Leu; Val; Asp; D-Leu; Ile
antitumor,NOR00369,Dov; Val; Dil; Dap; Doe
antitumor,NOR00370,Dov; Val; NMe-Val; Pro; Pro; Hiv; Dpy
antitumor,NOR00371,Gly; NMe-Val; NMe-OMe-Tyr; Ibu; Ala; Map; Hmp; Gly; NMe-Leu
antitumor,NOR00372,Gly; NMe-Val; NMe-Tyr; Ibu; NMe-Ala; Map; Hmp; Gly; NMe-Leu
antibiotic,NOR00373,Ist; Hip; Leu; Pro; NMe-OMe-Tyr; Thr; D-NMe-Leu; Pro; Pya
antibiotic,NOR00374,Ist; Hip; Leu; Pro; NMe-OMe-Tyr; Thr; D-NMe-Leu; Pro; Lac
antibiotic,NOR00375,Ist; Hip; Leu; Pro; NMe-OMe-Tyr; Thr; D-NMe-Leu
antibiotic,NOR00376,Ist; Hip; Leu; Pro; NMe-OMe-Tyr; Thr; D-NMe-Leu; Lac
antibiotic,NOR00377,Nst; Hip; Leu; Pro; NMe-OMe-Tyr; Thr; D-NMe-Leu; Pro; Lac
antibiotic,NOR00378,Nst; Hip; Leu; Pro; NMe-OMe-Tyr; Thr; D-NMe-Leu
antibiotic,NOR00379,Nst; Hip; Leu; Pro; NMe-OMe-Tyr; Thr; D-NMe-Leu; Lac
antitumor,NOR00380,Ist; Hip; Leu; Pro; NMe-OMe-Tyr; Thr; D-NMe-Leu; Pro; Lac; Gln; pGlu
antitumor,NOR00381,Ist; Hip; Leu; Pro; Tyr; Thr; D-NMe-Leu; Pro; Lac
antibiotic,NOR00382,Ist; Hip; Leu; Pro; NMe-OMe-Tyr; Thr; D-NMe-Leu; Pro; Lac; Gln; Gln; Gln; C10:0-OH(3)
antibiotic,NOR00383,Ist; Hip; Leu; Pro; NMe-OMe-Tyr; Thr; D-NMe-Leu; Pro; Lac; Gln; Gln; Gln; Gln; C10:0-OH(3)
antibiotic,NOR00384,Nst; Hip; Leu; Pro; Tyr; Thr; D-NMe-Leu; Pro; Lac
antitumor,NOR00385,Ist; Hip; Leu; Pro; NMe-OMe-Tyr; Thr; D-NMe-Leu
antibiotic,NOR00386,Ist; Hysp; Leu; Pro; NMe-OMe-Tyr; Thr; D-NMe-Leu; Pro; Lac
antibiotic,NOR00387,Ist; Hap; Leu; Pro; NMe-OMe-Tyr; Thr; D-NMe-Leu; Pro; Lac
antibiotic,NOR00388,Ist; Hiv; Leu; Pro; NMe-OMe-Tyr; Thr; D-NMe-Leu; Pro; Lac
antibiotic,NOR00389,Nst; Hiv; Leu; Pro; NMe-OMe-Tyr; Thr; D-NMe-Leu; Pro; Lac
antibiotic,NOR00390,iC7:0; D-Val; Thr; Val; D-Val; D-Pro; Orn; D-aIle; D-aThr; D-aIle; D-Val; Phe; dhAbu; Val
antibiotic,NOR00391,C4:0-Me(2); D-Phe; Thr; D-Leu; D-Phe; D-Leu; Thr; Ser
unknown,NOR00392,iC7:0; Tyr; D-Ser; Phe; D-Leu; Pro; Thr; Gly
unknown,NOR00393,C4:0; D-Phe; Thr; D-Tyr; Arg; D-Tyr; Ile
unknown,NOR00394,iC9:0-OH(3); D-Trp; Pro; Arg
antibiotic,NOR00395,iC11:0-OH(3); D-Ala; D-Ala; Leu; Pro; Leu; Trp
unknown,NOR00396,iC7:0; D-Val; Thr; Val; D-Val; D-Pro; Orn; D-aIle; D-aThr; D-aIle; D-Val; Phe; dhAbu; Val
unknown,NOR00397,iC11:0-OH(3); D-Asp; D-Phe; Ser; D-Val; 4OH-Pro; Ser; D-Leu; Phe
unknown,NOR00398,iC11:0-OH(3); D-Asp; D-Phe; Ser; D-Val; 4OH-Pro; Ser; D-Leu; Phe; Lys
unknown,NOR00399,iC11:0-OH(3); D-Phe; 4OH-Pro; D-Ala; Val; D-Asn; Tyr
siderophore,NOR00400,C12:0; D-OH-Asp; Dab; D-Ser; D-Ac-OH-Orn; Ser; Ac-OH-Orn
siderophore,NOR00401,C12:1(5); D-OH-Asp; D-Ser; Ser; D-Gln; D-Ac-OH-Orn; D-Ser; Ac-OH-Orn
siderophore,NOR00402,C14:0-OH(3); Ac-OH-Orn; D-Ac-OH-Orn; Ser; D-Ac-OH-Orn
siderophore,NOR00403,C4:0-OH(3); OH-Orn; D-OH-Asp; Ser; Fo-OH-Orn; Put
surfactant,NOR00404,C10:0-OH(3); D-Leu; Ser; Thr; D-Phe; Ile
surfactant,NOR00405,C10:0-OH(3); Ser; C10:0-OH(3); Ser
unknown,NOR00406,Bz; Thr; Hpr; Hpr; Pro; Val
unknown,NOR00407,pOH-Bz; Thr; Hpr; Hpr; Pro; Val
antitumor,NOR00408,NMe-Gly-Thz; NMe-Phe; NMe-Ile; Val; D-NMe-Val; Phe; C6:0-OMe(3)
unknown,NOR00409,C8:0:1(7)-Me(2); NMe-Ala; NMe-Val; Pro; NMe-Val; NMe-Val; NMe-OMe-Tyr; NMe-Gly-Thz
unknown,NOR00410,C8:0:1(7)-Me(2); NMe-Ala; NMe-Val; Pro; NMe-Val; NMe-Val; NMe-OMe-Tyr; Pro-Thz
antitumor,NOR00411,C8:0:1(7)-Me(2); NMe-Ala; NMe-Val; NMe-Val; NMe-Val; NMe-Val; NMe-Val; Pro-Thz
antithrombotic,NOR00412,D-Ph-Lac; D-Phe; Choi
unknown,NOR00413,Ile; 4OH-Pro; Val; Leu; Pro; Pro; Leu; aFo-Gly; Pro; Phe; Leu
siderophore,NOR00414,C8:0; OH-His; Dab; Dab; Ser; D-Ser; OH-Asp; Dab; OH-Asp
toxin,NOR00415,Asn; Ala; Thr; Tyr; Pro; Tyr; Arg; Pro
antibiotic,NOR00416,iC8:0-Me(2.4)-OH(3); Asn;  Agdha; 3Me-4Me-Gln; D-aThr; D-aThr; D-Arg; Leu; NMe-Gln; bOMe-Tyr; D-Asn; Hpr
antibiotic,NOR00417,iC8:0-Me(2.4)-OH(3); D-Ala; Agdha; 3Me-4Me-Gln; D-aThr; D-aThr; D-Arg; Leu; NMe-Gln; bOMe-Tyr; NMe-Ala
toxin,NOR00418,2Me-3Me-pGlu; D-aThr; D-aThr; D-Arg; Leu; NMe-Gln; bOMe-Tyr; NMe-Ala
antibiotic,NOR00419,iC8:0-Me(2.4)-OH(3); D-Ala; Agdha; 3Me-4Me-Gln; D-aThr; D-aThr; D-Arg; Leu; NMe-Gln; bOMe-Tyr; NMe-Ala
toxin,NOR00420,iC8:0-Me(2.4)-OH(3); D-Ala; Agdha; 3Me-4Me-Gln; D-aThr
toxin,NOR00421,D-aThr; D-Arg; Leu; NMe-Gln; bOMe-Tyr; NMe-Ala
antibiotic,NOR00422,aC11:2(4.6)-Me(2.6)-OH(2.3); Gly; Thr; L-Dbu; 3Me-4Me-Gln; 3OH-Leu; Hpr; bOMe-Tyr; NMe-Thr; Ala; Gly; D-3OMe-Ala
antibiotic,NOR00423,aC11:2(4.6)-Me(2.6)-OH(2.3); Gly; Thr; L-Dbu; 3Me-4Me-Gln; 3OH-Leu; Hpr; bOMe-Tyr; Thr; Ala; Gly; D-3OMe-Ala
antibiotic,NOR00424,aC11:2(4.6)-Me(2.6)-OH(2.3); Gly; Thr; dhAbu; 3Me-4Me-Gln; 3OH-Leu; Hpr; bOMe-Tyr; NMe-Thr; Ala; Gly; D-3OMe-Ala
antibiotic,NOR00425,aC11:2(4.6)-Me(2.6)-OH(2.3); Gly; Thr; dhAbu; 3Me-4Me-Gln; 3OH-Leu; Hpr; bOMe-Tyr; Thr; Ala; Gly; D-3OMe-Ala
toxin,NOR00426,gSer; Ile; dDil; dDap; Ph-Ser
toxin,NOR00427,C11:2(t2.t8)-Me(2.6.8)-OH(5.7); D-Hmp; Val; D-NMe-Leu; NMe-Gly; Val; NMe-Ala
antitumor,NOR00428,C11:2(t2.t8)-Me(2.6.8)-OH(5.7); D-Hmp; Val; NMe-aIle; NMe-Gly; Val; NMe-Ala
antitumor,NOR00429,C11:2(t2.t8)-Me(2.6.8)-OH(5.7); D-Hiv; Val; NMe-aIle; NMe-Gly; Val; NMe-Ala
toxin,NOR00430,NMe-Val; C8:0:1(7)-Me(2)-NH2(3); Val; Hiv; Hiv; NMe-Val; C8:0:1(7)-Me(2)-NH2(3); Val; Hiv; Hiv
toxin,NOR00431,Pro; Hmp; Hiv; D-NMe-Val; C8:0:1(7)-Me(2)-OH(3); D-Pro; Hmp; Hiv; D-NMe-Val; C8:0:1(7)-Me(2)-OH(3)
surfactant,NOR00432,C10:0:1(9)-Me(2.4); NMe-Phe; Ala; NMe-Ala; NMe-OMe-TyrC
surfactant,NOR00433,C10:0-Me(2.4)-oxo(9); NMe-Phe; Ala; NMe-Ala; NMe-OMe-TyrC
unknown,NOR00434,Lac; NMe-Val; NMe-Phe; Ala-Thz; Map
toxin,NOR00435,Hiv; NMe-Val; NMe-Phe; Ala-Thz; Mab
toxin,NOR00436,Hmp; NMe-OMe-Tyr; Val; NMe-Ala; C8:0:1(7)-Me(2)-NH2(3)
unknown,NOR00437,Hiv; D-NMe-OMe-Tyr; C6:0-Me(2)-NH2(3); Hiv; NMe-Val
unknown,NOR00438,NMe-Val; Pro; D-NMe-Phe; Gly; C6:0-Me(2.2)-OH(3); Hiv; Ala
unknown,NOR00439,NMe-Phe; Pro; NMe-Phe; Gly; C6:0-Me(2.2)-OH(3); Val
antitumor,NOR00440,Lac; NMe-Val; NMe-Phe; Ala-Thz; C5:0-NH2(3)
antibiotic,NOR00441,Ser; Gly; bMe-Asn; OH-Asn; Val; DHMDA; OH-4Abu
toxin,NOR00442,D-Nva; Gly; Phe; D-aThr; D-Asn; Cl-Ile; D-NMe-Nva; D-Ala; C6:0-OH(3.5)-NH2(4); NFo-Leu
toxin,NOR00443,D-Nva; Gly; Phe; D-aThr; Asn; Cl-Ile; D-NMe-Leu; D-Ala; C6:0-OH(3.5)-NH2(4); NFo-Leu
antibiotic,NOR00444,Nva; Gly; Phe; aThr; Gln; Cl-Ile; NMe-Leu; Ala; C6:0-OH(3.5)-NH2(4); NFo-Leu
antibiotic,NOR00445,D-NFo-Ala; bOH-Br-Phe; Pro; t-Leu; bMe-Ile; D-Trp; Arg; D-CysA; Thr; NMe-Gln; D-Val; Pro; D-Asp
antibiotic,NOR00446,D-NFo-Ala; Br-Phe; Pro; D-t-Leu; bMe-Ile; D-Trp; Arg; D-CysA; Thr; NMe-Gln; D-Val; Pro; D-Asn
antibiotic,NOR00447,D-NFo-Ala; Phe; Pro; D-t-Leu; t-Leu; D-Trp; Arg; D-CysA; Thr; NMe-Gln; D-Leu; Thr; Asn; NMe-Gly
antibiotic,NOR00448,D-NFo-Ala; Phe; Pro; D-t-Leu; t-Leu; D-Kyn; Arg; D-CysA; Thr; NMe-Gln; D-Leu; Thr; Asn; NMe-Gly
antibiotic,NOR00449,D-NFo-Ala; Phe; Pro; D-t-Leu; bMe-Ile; D-Trp; Arg; D-CysA; Thr; NMe-Gln; D-Leu; Thr; Asn; NMe-Gly
antibiotic,NOR00450,NFo-D-Abu; Phe; Pro; D-t-Leu; t-Leu; D-Trp; Arg; D-CysA; Thr; NMe-Gln; D-Leu; Thr; Asn; NMe-Gly
antibiotic,NOR00451,D-NFo-Ala; Tyr; Pro; D-t-Leu; t-Leu; D-Trp; Arg; D-CysA; Thr; NMe-Gln; D-Leu; Thr; Asn; NMe-Gly
antiinflammatory,NOR00452,C10:0-Me(2.2.4)-OH(3)-OMe(7); Ala; aMe-Cys; NMe-OH-Ile; Ala
antiinflammatory,NOR00453,C10:0-Me(2.2.4)-OH(3.7); Ala; aMe-Cys; NMe-OH-Ile; Ala
antiinflammatory,NOR00454,C10:0-Me(2.2.4)-OH(3.7); Ala; aMe-Cys; NMe-Val; Ala
antiinflammatory,NOR00455,C10:0-Me(2.2.4)-OH(3)-OMe(7); Ala; aMe-Cys; NMe-Ile; Ala
antitumor,NOR00456,bbNMe-NMe-Trp; t-Leu; NMe-hv-Val
antitumor,NOR00457,bbMe-NMe-Trp; t-Leu; NMe-hv-Val
antitumor,NOR00458,bbMe-NMe-Trp; Val; NMe-hv-Val
antitumor,NOR00459,bbNMe-NMe-Trp; Val; NMe-hv-Val
toxin,NOR00460,bbMe-NMe-Trp; t-Leu; NMe-hv-Val; Arg
toxin,NOR00461,bbNMe-NMe-Trp; t-Leu; NMe-hv-Val; Arg
unknown,NOR00462,diOH-Phe; Tyr; diOH-Arg
unknown,NOR00463,diOH-Phe; Tyr; Thr
unknown,NOR00464,diOH-Phe; Tyr; Ser
unknown,NOR00465,diOH-Phe; Tyr; aThr
immunomodulating,NOR00466,diOH-Phe; Tyr; Leu
protease inhibitor,NOR00467,D-Phe; e-Tyr; NFo-Dpr; Pro; ck-Arg
protease inhibitor,NOR00468,D-Phe; v-Tyr; NFo-Dpr; Pro; ck-Arg
protease inhibitor,NOR00469,D-Phe; v-Tyr; NFo-Dpr; ProC
antithrombotic,NOR00470,hk-Arg; D-Phe; v-Tyr; NFo-Dpr; Pro
antithrombotic,NOR00471,k-Arg; D-Phe; v-Tyr; NFo-Dpr; Pro
antithrombotic,NOR00472,k-Arg; D-Phe; v-Tyr; NAc-Dpr; Pro
antithrombotic,NOR00473,k-Arg; D-Phe; dv-Tyr; NFo-Dpr; Pro
antithrombotic,NOR00474,k-Arg; D-Leu; v-Tyr; NFo-Dpr; Pro
antithrombotic,NOR00475,Pro; k-Arg; D-aIle; v-Tyr; Dpr; Ala; Pha
antithrombotic,NOR00476,Pro; k-Arg; D-aIle; v-Tyr; Dpr; Ala; Bz
antithrombotic,NOR00477,Pro; k-Arg; D-aIle; v-Tyr; Dpr; Ala; Hiv
antithrombotic,NOR00478,Pro; k-Arg; D-aIle; v-Tyr; Dpr; Ala; Me-Vaa
antithrombotic,NOR00479,Pro; k-Arg; D-aIle; v-OH-Tyr; Dpr; Ala; Me-Vaa
antibiotic,NOR00485,C8:3(t2.t4.t6); D-bPhe; Val; Me-Suc
protease inhibitor,NOR00486,pOH-Bz; Val; Val; Argal
protease inhibitor,NOR00487,NAc-Leu; Leu; Argal
protease inhibitor,NOR00488,Azd; Leu; Sta; Abu; v-Arg
antithrombotic,NOR00489,diOH-Bz; Arg; Pro; Ile; Abu
toxin,NOR00490,NOMe-Ac-D-Phe; NMe-Val; NMe-Asn; NMe-aIle; NMe-Val; NMe-Leu; Asn; D-Phe; Pro; Pro
toxin,NOR00491,NOMe-Ac-D-Phe; NMe-Val; NMe-Asn; NMe-aIle; NMe-Val; NMe-Leu; Asn; D-Phe; Pro; Pro; Arg
antibiotic,NOR00492,D-NFo-Ala; Br-Phe; Pro; D-Val; Val; D-Trp; Arg; D-CysA; Thr; NMe-Gln; D-Phe; Thr; Asn; NMe-Gly
antibiotic,NOR00493,D-NFo-Ala; Br-Phe; Pro; D-Val; t-Leu; D-Trp; Arg; D-CysA; Thr; NMe-Gln; D-Phe; Thr; Asn; Gly
antibiotic,NOR00494,D-NFo-Ala; Br-Phe; Pro; D-Val; t-Leu; D-Trp; Arg; D-CysA; Thr; NMe-Gln; D-Phe; Thr; Asn; NMe-Gly
antibiotic,NOR00495,D-NFo-Ala; Br-Phe; Pro; D-Val; Val; D-Trp; Arg; D-CysA; Thr; NMe-Gln; D-Phe; Gly; Asn
antibiotic,NOR00496,D-NFo-Ala; Br-Phe; Pro; D-Val; t-Leu; D-Trp; Arg; D-CysA; Thr; NMe-Gln; D-Phe
toxin,NOR00497,NOMe-Ac-Val; D-NMe-Leu; Thr; bAla; D-Leu; NMe-Ile; bAla; D-Val; NMe-Val; NMe-Ala; bAla; D-Leu; D-NMe-aIle
toxin,NOR00498,NOMe-Ac-Val; D-NMe-Leu; Thr; bAla; D-Leu; NMe-Ile; bAla; D-aIle; NMe-Val; NMe-Ala; bAla; D-Leu; D-NMe-aIle
toxin,NOR00499,NOMe-Ac-Val; D-NMe-Leu; Thr; NMe-bAla; D-Leu; NMe-Ile; bAla; D-aIle; NMe-Val; NMe-Ala; bAla; D-Leu; D-NMe-aIle
toxin,NOR00500,NOMe-Ac-Val; D-NMe-Leu; Thr; bAla; D-Leu; NMe-Ile; bAla; D-aIle; NMe-Val; Ala; bAla; D-Leu; D-NMe-aIle
toxin,NOR00501,NOMe-Ac-Val; D-NMe-Leu; Thr; NMe-bAla; D-Leu; NMe-Ile; bAla; D-aIle; NMe-Val; Ala; bAla; D-Leu; D-NMe-aIle
toxin,NOR00502,NOMe-Ac-Val; D-NMe-Leu; Thr; NMe-bAla; D-Val; NMe-Ile; bAla; D-aIle; NMe-Ile; NMe-Ala; Ala; D-Leu; D-NMe-Leu
unknown,NOR00503,Cl3-NMe-Leu; Cl3-NMe-Leu
unknown,NOR00504,Cl2-NMe-Leu; Cl2-NMe-Leu
unknown,NOR00505,Cl3-NMe-dhLeu; Cl3-NMe-dhLeu
unknown,NOR00506,Cl3-NMe-Leu; Cl3-NMe-dhLeu
unknown,NOR00507,Cl3-NMe-Leu; Cl2-NMe-Leu
unknown,NOR00508,Cl2-NMe-Leu; Cl3-NMe-dhLeu
unknown,NOR00509,Cl2-NMe-Leu; Cl2-NMe-dhLeu
unknown,NOR00510,Cl3-NMe-Leu; Cl2-NMe-dhLeu
unknown,NOR00511,Cl3-5OH-NMe-Leu; Cl3-NMe-dhLeu
unknown,NOR00512,Cl3-2OH-NMe-Leu; Cl3-NMe-Leu
unknown,NOR00513,Cl3-2OH-NMe-Leu; Cl3-NMe-dhLeu
unknown,NOR00514,N1-COOH-bhTrp; NMe-Ile
antitumor,NOR00515,Pro; Phe; Val; Val; Pro; Val; Asn
antitumor,NOR00516,Pro; Phe; Val; Leu; Pro; Val; Asn
antitumor,NOR00517,Pro; Phe; Ile; Leu; Pro; Val; Asn
antitumor,NOR00518,Pro; Leu; Thr; Pro; Leu; Trp; Val
antitumor,NOR00519,Pro; Tyr; Val; Pro; Leu; Ile; Leu; Pro
antitumor,NOR00520,Pro; Phe; Thr; Ile; Phe; Pro; Asn
antitumor,NOR00521,Pro; Phe; Pro; Thr; Leu; Val; Pro; Trp
antitumor,NOR00522,Thr; Val; Pro; Trp; Pro; Phe; Pro; Leu
antitumor,NOR00523,Pro; Tyr; Pro; Ile; Pro; Ile; Phe
antitumor,NOR00524,Pro; Phe; Pro; Ile; Ile; Pro; Tyr
antitumor,NOR00525,Pro; Phe; Gly; Pro; Thr; Leu; pTrp
antitumor,NOR00526,Pro; Phe; Ile; Phe; Ser; Pro; Thr
antitumor,NOR00527,Pro; Phe; Asn; Ala; Met; Ala; Ile
antitumor,NOR00528,Pro; Phe; Pro; Trp; Leu; Pro; Ile
antitumor,NOR00529,Pro; Tyr; Ile; Pro; Pro; Ile; Phe; Ala; Leu; Pro
antitumor,NOR00530,Pro; Tyr; Ile; Pro; Pro; Ile; Phe; Val; Leu; Pro
antitumor,NOR00531,Pro; Tyr; Val; Pro; Pro; Ile; Phe; Val; Leu; Pro
antitumor,NOR00532,Pro; Tyr; Val; Pro; Leu; Thr; Pro; Ile
antitumor,NOR00533,Pro; Phe; Pro; Phe; Ile; Phe; Pro; Gln
antitumor,NOR00534,Ile; Phe; Thr; Leu; Pro; Pro; Tyr; Ile; Pro; Pro
antitumor,NOR00535,Pro; Trp; Leu; Thr; Pro; Gly; Phe
antitumor,NOR00536,Phe; bOMe-Asp; Ala; O-Met; Ala; Ile; Pro
antibiotic,NOR00537,Pro; Phe; Trp; Arg; Pro; Pro; Val
antibiotic,NOR00538,Pro; Asn; Phe; Val; Glu; Phe; Pro
immunomodulating,NOR00539,Pro; Phe; Gly; Pro; Glu; Leu; Trp
antibiotic,NOR00540,Pro; Tyr; Asp; Pro; Leu; Ala; Ile
antibiotic,NOR00541,Pro; Tyr; Phe; Phe; Pro; Thr; Thr
toxin,NOR00542,Pro; Ala; Val; Met; Leu; Arg; Pro
unknown,NOR00543,Pro; Tyr; Val; Pro; Leu; Ile; Leu; Pro
unknown,NOR00544,Pro; Trp; Val; Pro; Leu; Thr; Pro; Leu
unknown,NOR00545,Pro; Tyr; Asp; Phe; Trp; Lys; Val; Tyr
unknown,NOR00546,Pro; Tyr; Asp; Phe; Trp; Lys; Ala; Val
antibiotic,NOR00547,Pro; Tyr; Val; Pro; Leu; Ile; Ile; Pro
antitumor,NOR00548,Pro; Ile; Pro; Leu; Ile; Phe; Ser
antitumor,NOR00549,Pro; Phe; Asn; Ser; Leu; Ala; Ile
toxin,NOR00550,Pro; His; Pro; Pro; Gly; Leu; Phe
antibiotic,NOR00551,C12:1(11)-Me(6)-OH(2.4.5)-NH2(3)-mPhe(11); OH-Pyr; NMe-Gly; D-COOH-Trp; Gly; OH-4Abu
antibiotic,NOR00552,C12:1(11)-Me(6)-OH(2.4.5)-NH2(3)-mPhe(11); Pyr; NMe-Gly; D-COOH-Trp; Gly; OH-4Abu
antibiotic,NOR00553,C8:1(7)-OH(2.4.5)-NH2(3)-Ph(8); Pyr; NMe-Gly; D-Cl-CONH2-Trp; Gly; OH-4Abu
antibiotic,NOR00554,C8:1(7)-OH(2.4.5)-NH2(3)-Ph(8); Pyr; NMe-Gly; D-Cl-Trp; Gly; OH-4Abu
antibiotic,NOR00555,C10:2(7.9)-OH(2.4.5)-NH2(3)-ePh(10); dPyr; NMe-Gly; D-COOH-Trp; Gly; OH-4Abu
antibiotic,NOR00556,C12:3(7.9.11)-Me(6)-OH(2.4.5)-NH2(3)-Ph(12); Pyr; NMe-Gly; D-Trp; Gly; OH-4Abu
antibiotic,NOR00557,C12:3(7.9.11)-Me(6.10)-OH(2.4.5)-NH2(3)-Ph(12); Pyr; NMe-Gly; D-Trp; Gly; OH-4Abu
antibiotic,NOR00558,C12:3(7.9.11)-Me(6)-OH(2.4.5)-NH2(3)-Ph(12); Pyr; NMe-Gly; dh-Trp; Gly; OH-4Abu
antibiotic,NOR00559,C12:3(7.9.11)-Me(6.10)-OH(2.4.5)-NH2(3)-Ph(12); Pyr; NMe-Gly; dh-Trp; Gly; OH-4Abu
immunomodulating,NOR00560,Pro; Pro; Phe; Phe; Leu; Ile; Ile; Leu; Val
unknown,NOR00561,Thr; bAla; D-Leu; NMe-Ile; bAla; D-aIle; NMe-Val; Ala; bAla; D-Leu; D-NMe-aIle
unknown,NOR00562,Thr; bAla; D-Leu; NMe-Val; bAla; D-aIle; NMe-Val; Ala; bAla; D-Leu; D-NMe-aIle
unknown,NOR00563,Thr; bAla; D-Leu; NMe-Ile; bAla; D-Val; NMe-Val; Ala; bAla; D-Leu; D-NMe-aIle
unknown,NOR00564,Thr; bAla; D-Leu; NMe-Ile; bAla; D-aIle; NMe-Val; Ala; bAla; D-Leu; D-NMe-Val
antitumor,NOR00573,aC9:0-OH(2)-NH2(3); dhAbu; NMe-Gly; OH-Asn; OMe-Thr; 4Me-Pro; Br-Tyr; Asn
toxin,NOR00574,Val; D-Ser; D-Leu; D-Har; Val; 4OH-Pro; Dab; pOH-Bz
unknown,NOR00575,O-Met; Phe-Thz; Pro; O-Met; Pro; Pro
antitumor,NOR00576,Met; Phe-Thz; Pro; Met; Pro; Pro
antitumor,NOR00577,O-Met; Phe-Thz; Pro; Met; Pro; Pro
antiinflammatory,NOR00578,Pro-Thz; Phe; Pro; MeOx-Ile; Phe
calmodulin antagonist,NOR00579,Leu; CO; Lys; Ala; Leu; NMe-Leu; Br-OH-Trp
unknown,NOR00580,aIle; CO; Lys; D-Val; Leu; NMe-OH-Trp; Phe
unknown,NOR00581,aIle; CO; Lys; D-Ile; Leu; NMe-OH-Trp; Phe
antibiotic,NOR00582,Phe; CO; Lys; Leu; Leu; NMe-Cl-OH-Trp; Phe
toxin,NOR00583,Phe; CO; Lys; Leu; Leu; NMe-Cl-Trp; Phe
toxin,NOR00584,NFo-Iser; Ile; Dpr; Ala; Ile; CO; PMST; 1Me-Trp
toxin,NOR00585,NFo-Iser; Ile; Dpr; Ala; Ile; CO; PMST; dh-Trp
toxin,NOR00586,NFo-Iser; Ile; Dpr; Ala; D-Ile; CO; PMST; dh-Trp
antitumor,NOR00587,NFo-Iser; Ile; Dpr; Ala; Ile; CO; PMST; Br-OH-Trp
toxin,NOR00588,NFo-Iser; Ile; Dpr; Ala; Ile; CO; PMST; Trp
antitumor,NOR00589,Hmp; Ile; Nva; Orn; Pro; k-Leu; PALOA; Br-OH-Trp
immunomodulating,NOR00590,Hmp; Ile; Nva; Orn; Pro; k-Leu; PAOA; Br-OH-Trp
immunomodulating,NOR00591,Hmp; Ile; Abu; Orn; Pro; k-Leu; PAOA; Br-OH-Trp
immunomodulating,NOR00592,Hmp; Ile; Abu; Orn; Pro; k-Leu; PALOA; Br-OH-Trp
toxin,NOR00593,OSu-Hmp; Ile; Abu; Orn; Pro; k-Leu; PALOA; Br-OH-Trp
toxin,NOR00594,OSu-Hmp; Ile; Nva; Orn; Pro; k-Leu; PALOA; Br-OH-Trp
toxin,NOR00595,Me-Vaa; Abu; Orn; Pro; k-Leu; PALOA; Br-OH-Trp
antibiotic,NOR00596,Abu; Hmp; Nva; Orn; Pro; k-Leu; PALOA; OH-Trp
antibiotic,NOR00597,Abu; Hmp; Leu; Orn; Pro; k-Leu; PALOA; OH-Trp
toxin,NOR00598,diOH-Bz; Gly; Ala; Dpr; Nva; Ile; CO; PTTA; CysA
toxin,NOR00599,MCP; Gly; Dpr; Asn; Iser; Br-Trp
toxin,NOR00601,C9:1(4)-Me(2.4.6)-OH(8); Ala; D-I-NMe-Tyr; bTyr
toxin,NOR00602,C9:1(4)-Me(2.4.6)-OH(8); Ala; D-Br-NMe-Tyr; bTyr
antibiotic,NOR00603,C9:1(4)-Me(2.4.6)-OH(8); Ala; D-I-NMe-Tyr; Ala
antibiotic,NOR00604,C9:1(4)-Me(2.4.6)-OH(8); Ala; D-Br-NMe-Tyr; Ala
toxin,NOR00605,C9:1(4)-Me(2.4.6)-OH(8); Ala; D-Cl-NMe-Tyr; Ala
toxin,NOR00606,C9:1(4)-Me(2.4.6)-OH(8); Gly; D-I-NMe-Tyr; Ala
toxin,NOR00607,C9:1(4)-Me(2.4.6)-OH(8); Gly; D-Br-NMe-Tyr; Ala
toxin,NOR00608,C9:1(4)-Me(2.4.6)-OH(8); Gly; D-Cl-NMe-Tyr; Ala
toxin,NOR00609,C9:1(4)-Me(2.4.6)-OH(8); Ala; D-I-NMe-Tyr; Ser
toxin,NOR00610,C9:1(4)-Me(2.4.6)-OH(8); Ala; D-Br-NMe-Tyr; Ser
toxin,NOR00611,C9:1(4)-Me(2.4.6)-OH(8); Ala; D-Cl-NMe-Tyr; Ser
toxin,NOR00612,C9:1(4)-Me(2.4.6)-OH(8); Ser; D-I-NMe-Tyr; Ala
toxin,NOR00613,C9:1(4)-Me(2.4.6)-OH(8); Ser; D-Br-NMe-Tyr; Ala
toxin,NOR00614,C9:1(4)-Me(2.4.6)-OH(8); Ser; D-Cl-NMe-Tyr; Ala
toxin,NOR00615,C9:1(4)-Me(2.4.6)-OH(8); Gly; D-I-NMe-Tyr; Ser
antitumor,NOR00616,C9:1(4)-Me(2.4.6)-OH(8); Ala; D-Cl-NMe-Tyr; Val
antibiotic,NOR00617,C9:1(4)-Me(2.4.6)-OH(8); Gly; D-I-NMe-Tyr; Val
toxin,NOR00618,C9:1(Me4)-Me(2.4.6)-OH(8)-Oxo(5); Ala; D-I-NMe-Tyr; Ala
toxin,NOR00619,C9:1(Me4)-Me(2.4.6)-OH(8)-Oxo(5); Ala; D-Br-NMe-Tyr; Ala
toxin,NOR00620,C9:1(Me4)-Me(2.4.6)-OH(8)-Oxo(5); Ala; D-Cl-NMe-Tyr; Ala
antibiotic,NOR00621,Map; Ala; Ibu; NMe-OMe-Tyr; NMe-Val; Gly; NMe-Ile; Gly; Hmp
siderophore,NOR00622,NAc-Fo-OH-Orn; Ser; OH-Orn; Fo-OH-Orn
antitumor,NOR00623,Aib; Phe; D-Pro; C10:0-NH2(2)-Ep(9)-oxo(8)
toxin,NOR00624,NMe-Ala; Leu; NMe-dPhe; Gly
antibiotic,NOR00625,Gly; 3Me-Pro; Val; t-Leu; t-Leu; 3Me-Phe; OMe-bAla-Thz
toxin,NOR00626,bPhe; Ser; Cl2-Pro; Abu; Ser
antibiotic,NOR00633,bLys; Dpr; Ser; Ser; bU-dAla; 5OH-Cap
antibiotic,NOR00634,OH-bLys; Dpr; Ser; Ser; bU-dAla; 5OH-Cap
antibiotic,NOR00635,OH-bLys; Dpr; Ser; Ser; bU-dAla; Cap
antibiotic,NOR00636,bLys; Dpr; Ser; Ser; bU-dAla; Cap
antibiotic,NOR00637,Dpr; Ser; Ser; bU-dAla; Cap
antibiotic,NOR00638,bLys; Dpr; bU-dAla; Cap; Dpr; Ser
antibiotic,NOR00639,bLys; Dpr; bU-dAla; Cap; Dpr; Ala
antibiotic,NOR00640,Dpr; bU-dAla; Cap; Dpr; Ser
antibiotic,NOR00641,Dpr; bU-dAla; Cap; Dpr; Ala
toxin,NOR00642,Ala; Val; Pro; Ph-Lac; D-NMe-Val; Val; C8:0:1(7)-Me(2.2)-OH(3)
toxin,NOR00643,Phe; Val; Pro; Pro; Lac; D-NMe-Val; Val; C8:0:1(7)-Me(2.2)-OH(3)
toxin,NOR00644,C4:0; NMe-Val; Val; NMe-OMe-Tyr; NMe-OMe-Ile
toxin,NOR00645,Hmp; NMe-Ile; Val; C8:0:1(7)-Me(2)-OH(3); NMe-Ile; Pro
antibiotic,NOR00646,Gly; aThr; Ser; aIle; NMe-Leu; C9:0-Me(2)-OH(3)
antibiotic,NOR00647,Gly; aThr; Ser; Val; NMe-Leu; C9:0-Me(2)-OH(3)
antibiotic,NOR00648,Gly; Val; D-Leu; Ala; Val; C12:0-OH(3)
antibiotic,NOR00649,bAla; 3OH-Leu; 3Me-Pro; Phe; NMe-Val; NMe-Phe
antibiotic,NOR00650,bAla; 3OH-Leu; Pro; Phe; NMe-Val; NMe-Phe
antibiotic,NOR00651,OH-Asp; 3OH-Pro; D-Ser; D-OH-Asp; Arg; Pro; D-Ser; D-Pro; C14:0-OH(3)
antibiotic,NOR00652,OH-Asp; 3OH-Pro; Ser; OH-Asp; Arg; Pro; Pro; Thr; iC13:0-OH(3)
antibiotic,NOR00653,OH-Asp; 3OH-Pro; D-Ser; D-OH-Asp; Arg; 3OH-Pro; D-Ala; D-aThr; C14:0-OH(3)
antibiotic,NOR00654,OH-Asp; 3OH-Pro; D-Ser; D-OH-Asp; Arg; Pro; D-Ala; D-aThr; C14:0-OH(3)
antibiotic,NOR00655,D-Leu; Leu; Ph-Ser; 3OH-Leu; Leu; D-Arg; Ile; D-aThr; Gly; OH-Asn; Ser
toxin,NOR00656,D-Hmp; D-Ala; Hiv; Val; D-Hmp; D-Ala; Hiv; Val; D-Hmp; D-Ala; Hiv; Val
antibiotic,NOR00657,Val; Orn; Leu; D-Phe; Pro; D-Tyr; Val; Orn; Leu; D-Phe; Pro; D-Tyr
antibiotic,NOR00658,D-Val; Lac; Val; D-Hiv; D-Val; Lac; Val; D-Hiv; D-Val; Lac; Val; D-Hiv
antitumor,NOR00659,D-Hiv; D-Val; Lac; Val; D-Hiv; D-Val; Lac; Val
antibiotic,NOR00660,Pro; D-Asp; D-Glu; Tyr; Asp; Tyr; Ser; D-Asp; Leu; D-Glu; D-Asp; Ala; D-Asp
antibiotic,NOR00661,iC12:2(2.t4); Asp; Thr; D-Hpg; D-Orn; D-aThr; Hpg; D-Hpg; aThr; Cit; D-End; Hpg; D-Ser; Cl2-Hpg; Gly; End; D-Ala; Hpg
antibiotic,NOR00662,C8:2(2.t4); Asn; OH-Asn; D-Hpg; D-Orn; D-aThr; Hpg; D-Hpg; aThr; Phe; D-Orn; Hpg; {; D-Man; D-Man; }; D-aThr; Hpg; Gly; Leu; D-Ala; Cl-Hpg
antibiotic,NOR00663,Hse; OH-dHpg; Ser; Hpg
protease inhibitor,NOR00664,Phe; CO; Arg; Val; Argal
antibiotic,NOR00665,bTyr; Iser; Dpr; Daz; Gly; Spd
antibiotic,NOR00666,bTyr; Iser; Dpr; Daz; Gly; GSpd
antibiotic,NOR00667,bPhe; Iser; Dpr; Daz; Gly; Spd
antibiotic,NOR00668,bPhe; Iser; Dpr; Daz; Gly; GSpd
antitumor,NOR00669,C6:0-Me(5.5)-oxo(2); Gly; bMe-Ile; Gly; t-Leu; D-t-Leu; t-Leu; D-Ala; D-t-Leu; t-Leu; D-Ala; Gly; Ala; D-t-Leu; Ala; D-N2Me-Asn; bOH-Val; Gly; Ala; Gly; t-Leu; D-N2Me-Asn; bMe-Gln; D-bOH-Val; Ala; Gly; Gly; D-N2Me-Asn; Ile; D-N2Me-bOH-Asn; t-Leu; D-bOH-Val; Gly; D-N2Me-Asn; Ile; D-N2Me-Asn; Val; D-N2Me-bOH-Asn; Ala; D-N2Me-Asn; Val; D-Ser; Val; D-Asn; bbMe2-O-Met; D-Asn; Gln; D-aThr; Thr
antibiotic,NOR00670,PT; Ala; Ala
antibiotic,NOR00672,Hpa; Thr; NMe-Ph-Gly; Ala; NMe-bMe-Leu; NMe-Gly; D-4OH-Pro; D-Leu
antibiotic,NOR00673,Hpa; Thr; NMe-Ph-Gly; Abu; NMe-bMe-Leu; NMe-Gly; D-Pro; D-Leu
antibiotic,NOR00674,Hpa; Thr; NMe-Ph-Gly; Ala; NMe-bMe-Leu; NMe-Gly; D-Pro; D-Leu
antibiotic,NOR00675,Hpa; Thr; NMe-Ph-Gly; Abu; NMe-bMe-Leu; NMe-Gly; D-4OH-Pro; D-Leu
antibiotic,NOR00676,Hpa; Thr; D-Abu; Pro; NMe-Me2A-Phe; 4oxo-Hpr; Ph-Gly
antibiotic,NOR00677,Hpa; Thr; D-Abu; Pro; NMe-MeA-Phe; 4oxo-Hpr; Ph-Gly
antibiotic,NOR00678,Hpa; Thr; D-Ala; Pro; NMe-Me2A-Phe; 4oxo-Hpr; Ph-Gly
antibiotic,NOR00679,Hpa; Thr; D-Abu; Pro; NMe-Phe; 4oxo-Hpr; Ph-Gly
antibiotic,NOR00680,Me2-Bmt; Leu; D-Orn; Ile; Val; Val; D-Lys; Val; D-Leu; Lys; D-Tyr; Leu; Valol
antibiotic,NOR00712,NMe-Phe; D-Hmp; NMe-Phe; D-Hmp; NMe-Phe; D-Hiv
antibiotic,NOR00713,NMe-Phe; D-Hmp; NMe-Phe; D-Hmp; NMe-Phe; D-Hmp
antibiotic,NOR00714,C10:0; Trp; D-Glu; OH-Asn; Thr; NMe-Gly; Ala; Asp; D-Lys; OMe-Asp; Gly; D-Asn; Glu; Ile
antibiotic,NOR00715,aC11:0; Trp; D-Glu; OH-Asn; Thr; NMe-Gly; Ala; Asp; D-Lys; OMe-Asp; Gly; D-Asn; Glu; Ile
antibiotic,NOR00716,iC10:0; Trp; D-Glu; OH-Asn; Thr; NMe-Gly; Ala; Asp; D-Lys; OMe-Asp; Gly; D-Asn; 3Me-Glu; Ile
antibiotic,NOR00717,aC11:0; Trp; D-Glu; OH-Asn; Thr; NMe-Gly; Ala; Asp; D-Lys; OMe-Asp; Gly; D-Asn; 3Me-Glu; Ile
siderophore,NOR00720,C16:1(9)-OH(3); Ac-OH-Orn; D-Ac-OH-Orn; Ser; D-Ac-OH-Orn
siderophore,NOR00721,C14:0; Ac-OH-Orn; D-Ac-OH-Orn; Ser; D-Ac-OH-Orn
siderophore,NOR00722,C16:1(9); Ac-OH-Orn; D-Ac-OH-Orn; Ser; D-Ac-OH-Orn
siderophore,NOR00723,C16:0-OH(3); Ac-OH-Orn; D-Ac-OH-Orn; Ser; D-Ac-OH-Orn
siderophore,NOR00724,C18:1(9)-OH(3); Ac-OH-Orn; D-Ac-OH-Orn; Ser; D-Ac-OH-Orn
siderophore,NOR00725,C16:0; Ac-OH-Orn; D-Ac-OH-Orn; Ser; D-Ac-OH-Orn
siderophore,NOR00726,C18:1(9); Ac-OH-Orn; D-Ac-OH-Orn; Ser; D-Ac-OH-Orn
antibiotic,NOR00727,C6:2(t2.t4); D-bPhe; Val; Me-Suc
unknown,NOR00728,C8:0:1(7); NMe-Ala; NMe-Val; Pro; NMe-Val; NMe-Val; NMe-OMe-Tyr; NMe-Gly-Thz
unknown,NOR00729,C9:1(8)-Me(2); NMe-Ala; NMe-Val; Pro; NMe-Val; NMe-Val; NMe-OMe-Tyr; NMe-Gly-Thz
unknown,NOR00730,C8:0:1(7); NMe-Ala; NMe-Val; Pro; NMe-Val; NMe-Val; NMe-OMe-Tyr; Pro-Thz
unknown,NOR00731,C9:1(8)-Me(2); NMe-Ala; NMe-Val; Pro; NMe-Val; NMe-Val; NMe-OMe-Tyr; Pro-Thz
siderophore,NOR00732,C12:0; D-OH-Asp; D-Ser; Ser; D-Gln; D-Ac-OH-Orn; D-Ser; Ac-OH-Orn
siderophore,NOR00733,C14:1(7); D-OH-Asp; D-Ser; Ser; D-Gln; D-Ac-OH-Orn; D-Ser; Ac-OH-Orn
siderophore,NOR00734,C14:0; D-OH-Asp; D-Ser; Ser; D-Gln; D-Ac-OH-Orn; D-Ser; Ac-OH-Orn
unknown,NOR00735,C8:0-Me(4)-OH(3); Ala; Val; D-Val
unknown,NOR00736,C8:0-Me(4)-OH(3); Ala; Val; D-aIle
unknown,NOR00737,C8:0-Me(4)-OH(3); Ala; Val; D-Leu
antiatherogenic,NOR00738,C8:0-Me(4)-OH(3); Ala; Phe; D-Val
unknown,NOR00739,C10:0-Me(4)-OH(3); Ala; Val; D-aIle
antibiotic,NOR00740,iC8:0-Me(2.4)-OH(3); D-Ala; Agdha; 3Me-4Me-Gln; D-aThr; D-aThr; D-Arg
antibiotic,NOR00741,iC8:0-Me(2.4)-OH(3); D-Ala; Agdha; 3Me-4Me-Gln; D-aThr; D-aThr; D-Arg; Leu; NMe-Gln
antibiotic,NOR00742,iC8:0-Me(2.4)-OH(3); D-Ala; Agdha; 3Me-4Me-Gln; dhAbu; D-aThr; D-Arg; Leu; NMe-Gln; bOMe-Tyr; NMe-Ala
antibiotic,NOR00743,iC8:0-Me(2.4)-OH(3); D-Ala; Agdha; 3Me-4Me-Gln; dhAbu; D-aThr; D-Arg
antibiotic,NOR00744,iC8:0-Me(2.4)-OH(3); D-Ala; Agdha; D-bMe-Gln; D-aThr
antibiotic,NOR00745,iC8:0-Me(2.4)-OH(3); D-Ala; Agdha; D-bMe-Gln; D-aThr; D-aThr; D-Arg; Leu; NMe-Gln; bOMe-Tyr; NMe-Ala
antibiotic,NOR00746,iC8:0-Me(2.4)-OH(3); D-Ala; Agdha; 3Me-4Me-Gln; D-aThr; D-aThr; D-Arg; Leu; NMe-Gln; bOH-Tyr; NMe-Ala
antibiotic,NOR00747,2Me-3Me-pGlu; D-aThr; D-aThr; D-Arg; Leu; NMe-Gln; bOMe-Tyr; NMe-Ala
toxin,NOR00748,Val; CFA
toxin,NOR00749,Ile; CFA
toxin,NOR00750,aIle; CFA
toxin,NOR00751,Ser; CFA
toxin,NOR00752,Thr; CFA
toxin,NOR00753,bPhe; Ser; Cl2-Pro; aThr; Ser
toxin,NOR00754,bPhe; Abu; Cl2-Pro; aThr; Ser
toxin,NOR00755,MdCP; Gly; Dpr; Asn; Iser; Br-Trp
unknown,NOR00756,NFo-Ala; Br-Phe; Pro; bMe-Ile; Val; Trp; Arg; CysA; Thr; NMe-Gln; Br-Phe; Thr; NMe-Asn; Gly
antibiotic,NOR00757,aC11:0; Trp; D-Asn; Asp; Thr; Gly; Orn; Asp; D-Ala; Asp; Gly; D-Ser; 3Me-Glu; Kyn
antibiotic,NOR00758,iC12:0; Trp; D-Asn; Asp; Thr; Gly; Orn; Asp; D-Ala; Asp; Gly; D-Ser; 3Me-Glu; Kyn
antibiotic,NOR00759,aC13:0; Trp; D-Asn; Asp; Thr; Gly; Orn; Asp; D-Ala; Asp; Gly; D-Ser; 3Me-Glu; Kyn
antibiotic,NOR00760,Pro; Ile; Val; NMe-Ala; bAla; Hiv
antibiotic,NOR00761,Pro; Ile; NMe-Val; NMe-Ala; bAla; C4:0-OH(2.3)
antibiotic,NOR00762,aC13:2(2.t4); Asp; Thr; D-Hpg; D-Orn; D-aThr; Hpg; D-Hpg; aThr; Cit; D-End; Hpg; D-Ser; Cl2-Hpg; Gly; End; D-Ala; Hpg
antibiotic,NOR00763,iC14:1(3); Asp; Dbu; Hpr; bMe-Asp; Asp; Gly; Asp; Gly; D-Dbu; Val; Pro
antibiotic,NOR00764,aC13:1(3); Asp; Dbu; Hpr; bMe-Asp; Asp; Gly; Asp; Gly; D-Dbu; Val; Pro
antibiotic,NOR00765,aC15:1(3); Asp; Dbu; Hpr; bMe-Asp; Asp; Gly; Asp; Gly; D-Dbu; Val; Pro
antibiotic,NOR00766,iC14:1(3); Asn; L-Dbu; Hpr; bMe-Asp; Asp; Gly; Asp; Gly; D-Dbu; Val; Pro
antibiotic,NOR00767,aC13:1(3); Asn; L-Dbu; Hpr; bMe-Asp; Asp; Gly; Asp; Gly; D-Dbu; Val; Pro
antibiotic,NOR00768,aC15:1(3); Asn; L-Dbu; Hpr; bMe-Asp; Asp; Gly; Asp; Gly; D-Dbu; Val; Pro
antibiotic,NOR00769,Gly; aThr; Ser; aIle; NMe-Leu; C7:0-Me(2)-OH(3)
antibiotic,NOR00770,Gly; aThr; Ser; aIle; NMe-Leu; C10:0-Me(2)-OH(3)
antibiotic,NOR00771,Gly; aThr; Ser; Val; NMe-Leu; C11:0-Me(2)-OH(3)
antibiotic,NOR00772,Gly; aThr; Ser; aIle; NMe-Leu; C11:0-Me(2)-OH(3)
antibiotic,NOR00773,Gly; Val; D-Leu; Ala; Val; C9:0-OH(3)
antibiotic,NOR00774,Gly; Val; D-Leu; Ala; Ala; C9:0-OH(3)
antibiotic,NOR00775,Gly; Val; D-Leu; Ala; Ala; C7:0-OH(3)
antibiotic,NOR00776,iC15:0-NH2(3); Asn; D-Tyr; D-Asn; Pro; Glu; D-Ser; Thr
antibiotic,NOR00777,aC15:0-NH2(3); Asn; D-Tyr; D-Asn; Pro; Glu; D-Ser; Thr
antibiotic,NOR00778,C16:0-NH2(3); Asn; D-Tyr; D-Asn; Pro; Glu; D-Ser; Thr
antibiotic,NOR00779,iC16:0-NH2(3); Asn; D-Tyr; D-Asn; Pro; Glu; D-Ser; Thr
antibiotic,NOR00780,iC15:0-NH2(3); Asn; D-Tyr; D-Asn; Ser; Glu; D-Ser; Thr
antibiotic,NOR00781,aC15:0-NH2(3); Asn; D-Tyr; D-Asn; Ser; Glu; D-Ser; Thr
antibiotic,NOR00782,C16:0-NH2(3); Asn; D-Tyr; D-Asn; Ser; Glu; D-Ser; Thr
antibiotic,NOR00783,iC16:0-NH2(3); Asn; D-Tyr; D-Asn; Ser; Glu; D-Ser; Thr
antibiotic,NOR00784,iC15:0-NH2(3); Asn; D-Tyr; D-Asn; Gln; Pro; D-Asn; Thr
antibiotic,NOR00785,aC15:0-NH2(3); Asn; D-Tyr; D-Asn; Gln; Pro; D-Asn; Thr
antibiotic,NOR00786,iC16:0-NH2(3); Asn; D-Tyr; D-Asn; Gln; Pro; D-Asn; Thr
antibiotic,NOR00787,C16:0-NH2(3); Asn; D-Tyr; D-Asn; Gln; Pro; D-Asn; Thr
antibiotic,NOR00788,iC17:0-NH2(3); Asn; D-Tyr; D-Asn; Gln; Pro; D-Asn; Thr
antibiotic,NOR00789,C13:0-NH2(3); Asn; D-Tyr; D-Asn; Gln; Pro; D-Asn; Ser
antibiotic,NOR00790,aC15:0-NH2(3); Asn; D-Tyr; D-Asn; Gln; Pro; D-Asn; Ser
antibiotic,NOR00791,iC15:0-NH2(3); Asn; D-Tyr; D-Asn; Gln; Pro; D-Asn; Ser
antibiotic,NOR00792,C15:0-NH2(3); Asn; D-Tyr; D-Asn; Gln; Pro; D-Asn; Ser
antibiotic,NOR00793,iC16:0-NH2(3); Asn; D-Tyr; D-Asn; Gln; Pro; D-Asn; Ser
antibiotic,NOR00794,C16:0-NH2(3); Asn; D-Tyr; D-Asn; Gln; Pro; D-Asn; Ser
antibiotic,NOR00795,aC17:0-NH2(3); Asn; D-Tyr; D-Asn; Gln; Pro; D-Asn; Ser
surfactant,NOR00796,aC15:0-NH2(3); Asp; D-Tyr; D-Asn; Gln; Pro; D-Asn; Ser
surfactant,NOR00797,iC16:0-NH2(3); Asp; D-Tyr; D-Asn; Gln; Pro; D-Asn; Ser
surfactant,NOR00798,aC17:0-NH2(3); Asp; D-Tyr; D-Asn; Gln; Pro; D-Asn; Ser
antibiotic,NOR00799,C16:0-NH2(3); Asn; D-Tyr; D-Asn; Gln; Pro; D-Ser; Asn
antibiotic,NOR00800,iC16:0-NH2(3); Asn; D-Tyr; D-Asn; Gln; Pro; D-Ser; Asn
antibiotic,NOR00801,iC17:0-NH2(3); Asn; D-Tyr; D-Asn; Gln; Pro; D-Ser; Asn
unknown,NOR00802,iC7:0; D-Val; Thr; Val; D-Val; D-Pro; Orn; D-Val; D-aThr; D-aIle; D-Val; Phe; dhAbu; Val
unknown,NOR00803,iC7:0; D-Val; Thr; Val; D-Val; D-Pro; Lys; D-aIle; D-aThr; D-aIle; D-Val; Phe; dhAbu; Val
unknown,NOR00804,iC9:0-OH(3); D-Trp; Pro; Arg
unknown,NOR00805,iC9:0-OH(3); D-Trp; 4OH-Pro; Arg
unknown,NOR00806,C4:0; D-Phe; Thr; D-Tyr; Arg; D-Tyr; Ile
unknown,NOR00807,iC11:0-OH(3); D-Phe; Pro; D-Ala; Val; D-Asn; Tyr
toxin,NOR00808,Ala; Val; Pro; Ph-Lac; D-NMe-Val; Val; C8:1(7)-Me(2.2)-OH(3)
toxin,NOR00809,Ala; Val; Pro; Ph-Lac; D-NMe-Val; Val; C8:0-Me(2.2)-OH(3)
toxin,NOR00810,Hiv; NMe-Ile; Val; C8:0:1(7)-Me(2)-OH(3); NMe-Ile; Pro
siderophore,NOR00811,C14:1(7); D-OH-Asp; Dab; D-Ser; D-Ac-OH-Orn; Ser; Ac-OH-Orn
siderophore,NOR00812,C14:0; D-OH-Asp; Dab; D-Ser; D-Ac-OH-Orn; Ser; Ac-OH-Orn
siderophore,NOR00813,C16:1(9); D-OH-Asp; Dab; D-Ser; D-Ac-OH-Orn; Ser; Ac-OH-Orn
siderophore,NOR00814,C16:1(7); D-OH-Asp; Dab; D-Ser; D-Ac-OH-Orn; Ser; Ac-OH-Orn
siderophore,NOR00815,C16:0; D-OH-Asp; Dab; D-Ser; D-Ac-OH-Orn; Ser; Ac-OH-Orn
toxin,NOR00816,D-Ala; Leu; D-bMe-Asp; Aib; Adda; D-Glu; NMe-Dha
toxin,NOR00817,D-Ala; Leu; D-Asp; Arg; ADMAdda; D-Glu; dhAbu
unknown,NOR00818,Hse; D-OH-dHpg; Ser; Hpg
unknown,NOR00819,Hse; Hpg; Ser; Hpg
unknown,NOR00820,Hse; Hpoe; Ser; Hpg
unknown,NOR00821,OH-dHpg; Ser; Hpg
unknown,NOR00822,D-OH-dHpg; Ser; Hpg
unknown,NOR00823,Hpg; Ser; Hpg
toxin,NOR00824,D-bMe-Asp; Har; Adda; D-Glu; 2Dh-Mabu
toxin,NOR00825,D-bMe-Asp; Val; Adda; D-Glu; 2Dh-Mabu
unknown,NOR00826,Adda; D-Glu; 2Dh-Mabu; D-bMe-Asp; Arg
unknown,NOR00827,D-Asp; Arg; Adda; D-Glu; 2Dh-Mabu
unknown,NOR00828,D-bMe-Asp; Arg; DMAdda; D-Glu; 2Dh-Mabu
unknown,NOR00829,D-bMe-Asp; Arg; Adda; D-Glu; dhAbu
unknown,NOR00830,D-bMe-Asp; Arg; Adda; D-MeO-Glu; 2Dh-Mabu
siderophore,NOR00832,C6:0-OH(3); OH-Orn; D-OH-Asp; Ser; Fo-OH-Orn; Put
siderophore,NOR00833,C8:0-OH(3); OH-Orn; D-OH-Asp; Ser; Fo-OH-Orn; Put
antibiotic,NOR00834,OH-Asp; 3OH-Pro; D-Ser; D-OH-Asp; Arg; 3OH-Pro; D-Ala; D-aThr; iC15:0-OH(3)
antibiotic,NOR00835,OH-Asp; 3OH-Pro; D-Ser; D-OH-Asp; Arg; 3OH-Pro; D-Ala; D-aThr; iC16:0-OH(3)
antibiotic,NOR00836,OH-Asp; 3OH-Pro; D-Ser; D-OH-Asp; Arg; 3OH-Pro; D-Ala; D-aThr; C16:0-OH(3)
antibiotic,NOR00837,OH-Asp; 3OH-Pro; D-Ser; D-OH-Asp; Arg; Pro; D-Ala; D-aThr; iC15:0-OH(3)
antibiotic,NOR00838,OH-Asp; 3OH-Pro; D-Ser; D-OH-Asp; Arg; Pro; D-Ala; D-aThr; iC16:0-OH(3)
antibiotic,NOR00839,OH-Asp; 3OH-Pro; D-Ser; D-OH-Asp; Arg; Pro; D-Ala; D-aThr; C16:0-OH(3)
antiinflammatory,NOR00840,D-NFo-Ala; Br-Phe; Pro; D-t-Leu; bMe-Ile; D-Trp; Arg; D-CysA; Thr; NMe-Gln; D-Val; Pro; D-Asp
antiinflammatory,NOR00841,D-NFo-Ala; Br-Phe; Pro; D-Val; bMe-Ile; D-Trp; Arg; D-CysA; Thr; NMe-Gln; D-Val; Pro; D-Asp
antiinflammatory,NOR00842,D-NFo-Ala; Br-Phe; Pro; D-Val; t-Leu; D-Trp; Arg; D-CysA; Thr; NMe-Gln; D-Val; Pro; D-Asp
antibiotic,NOR00844,iC9:2(2.t4); Asn; OH-Asn; D-Hpg; D-Orn; D-aThr; Hpg; D-Hpg; aThr; Phe; D-Orn; Hpg; {; D-Man; D-Man; }; D-aThr; Hpg; Gly; Leu; D-Ala; Cl-Hpg
antibiotic,NOR00845,iC10:2(2.t4); Asn; OH-Asn; D-Hpg; D-Orn; D-aThr; Hpg; D-Hpg; aThr; Phe; D-Orn; Hpg; {; D-Man; D-Man; }; D-aThr; Hpg; Gly; Leu; D-Ala; Cl-Hpg
antitumor,NOR00846,Pro; Thr; Pro; Phe; Leu; Leu; Pro; Phe; Pro; Tyr
antibiotic,NOR00847,C14:0-OH(3); Glu; Leu; D-Leu; Ala; Asp; D-Leu; Leu
antibiotic,NOR00848,iC15:0-OH(3); Glu; Leu; D-Leu; Ala; Asp; D-Leu; Leu
antibiotic,NOR00849,aC15:0-OH(3); Glu; Leu; D-Leu; Ala; Asp; D-Leu; Leu
antibiotic,NOR00850,C15:0-OH(3); Glu; Leu; D-Leu; Ala; Asp; D-Leu; Leu
antitumor,NOR00851,iC15:0-OH(3); Gln; Leu; D-Leu; Val; Asp; D-Leu; Ile
antitumor,NOR00852,aC15:0-OH(3); Gln; Leu; D-Leu; Val; Asp; D-Leu; Ile
antibiotic,NOR00853,C14:0-OH(3); Glu; Leu; D-Leu; Val; Asp; D-Leu; Leu
antibiotic,NOR00854,iC14:0-OH(3); Glu; Leu; D-Leu; Val; Asp; D-Leu; Leu
antibiotic,NOR00855,C15:0-OH(3); Glu; Leu; D-Leu; Val; Asp; D-Leu; Leu
antibiotic,NOR00856,iC15:0-OH(3); Glu; Leu; D-Leu; Val; Asp; D-Leu; Leu
antibiotic,NOR00857,aC13:0-OH(3); Glu; Leu; D-Leu; Val; Asp; D-Leu; Leu
antibiotic,NOR00858,C13:0-OH(3); Glu; Leu; D-Leu; Val; Asp; D-Leu; Leu
antibiotic,NOR00859,iC16:0-OH(3); Glu; Leu; D-Leu; Val; Asp; D-Leu; Leu
antibiotic,NOR00860,iC12:0-OH(3); Glu; Leu; D-Leu; Val; Asp; D-Leu; Leu
antibiotic,NOR00861,C14:0-OH(3); Ser; D-Dab; Asp; Lys; Dab; aThr; dhAbu; OH-Asp; 4Cl-Thr
antibiotic,NOR00862,C16:0-OH(3.4); Ser; D-Dab; Asp; Lys; Dab; aThr; dhAbu; OH-Asp; 4Cl-Thr
antibiotic,NOR00863,C16:0-OH(3); Ser; D-Dab; Asp; Lys; Dab; aThr; dhAbu; OH-Asp; 4Cl-Thr
antibiotic,NOR00864,C10:0-OH(3); Ser; D-Ser; Dab; D-Dab; Arg; Phe; dhAbu; OH-Asp; 4Cl-Thr
antibiotic,NOR00865,C14:0-OH(3); Ser; D-Ser; Dab; D-Dab; Arg; Phe; dhAbu; OH-Asp; 4Cl-Thr
antibiotic,NOR00866,C14:0-OH(3.4); Ser; D-Dab; Dab; D-Hse; Orn; aThr; dhAbu; OH-Asp; 4Cl-Thr
antibiotic,NOR00867,C12:1(5)-OH(3); dhAbu; Pro; Ala; Ala; Ala; Val; Val; dhAbu; Hse; Val; aIle; dh-Ala; Ala; Ala; Ala; Val; dhAbu; aThr; Ala; Dab; Ser; Ile
antibiotic,NOR00868,C10:0-OH(3); dhAbu; D-Pro; Leu; D-Ala; D-Ala; D-Ala; D-Ala; D-Val; Gly; D-Ala; D-Val; D-Ala; D-Val; dhAbu; D-aThr; Ala; Dab; D-Dab; Phe
antibiotic,NOR00869,C12:0-OH(3); dhAbu; D-Pro; D-Val; Val; D-Ala; D-Ala; D-Val; D-Val; dhAbu; D-Ala; D-Val; Ala; D-Ala; dhAbu; D-aThr; D-Ser; D-Ala; dhAbu; Ala; Dab; D-Dab; Tyr
antibiotic,NOR00870,C12:0-OH(3); dhAbu; Pro; Val; Leu; Ala; Ala; Ala; Val; dhAbu; Ala; Val; Ala; Ala; dhAbu; aThr; Ser; Ala; dhAbu; Ala; Dab; Dab; Tyr
antibiotic,NOR00871,C12:0-OH(3); dhAbu; Pro; Val; Leu; Ala; Ala; Leu; Val; dh-Ala; Ala; Val; Ala; Ala; dhAbu; aThr; Ser; Ala; dhAbu; Ala; Dab; Dab; Tyr
antibiotic,NOR00872,C12:0-OH(3); dhAbu; D-Pro; D-Val; Ala; D-Ala; Val; D-Leu; D-Ala; D-Ala; dhAbu; D-Val; dhAbu; D-Ala; D-Val; D-Ala; D-Ala; dhAbu; D-aThr; D-Ser; D-Ala; Val; Ala; Dab; D-Dab; Tyr
antibiotic,NOR00873,C12:0-OH(3); dhAbu; Pro; Val; Leu; Ala; Ala; Leu; Val; Ala; Ala; Val; Ala; Ala; dhAbu; aThr; Ser; Ala; dhAbu; Ala; Dab; Dab; Tyr
antibiotic,NOR00874,C14:0-OH(3); dhAbu; Pro; Val; Leu; Ala; Ala; Leu; Val; Ala; Ala; Val; Ala; Ala; dhAbu; aThr; Ser; Ala; dhAbu; Ala; Dab; Dab; Tyr
antibiotic,NOR00875,Pda; dhAbu; D-Pro; D-Ser; D-Leu; D-Val; D-Ser; D-Leu; D-Val; Val; D-Gln; Leu; D-Val; dhAbu; D-aThr; Ile; D-Hse; D-Dab; Lys
antibiotic,NOR00876,C8:0-OH(3); dhAbu; D-Pro; D-Ser; D-Leu; D-Val; D-Ser; D-Leu; D-Val; Val; D-Gln; Leu; D-Val; dhAbu; D-aThr; Ile; D-Hse; D-Dab; Lys
antibiotic,NOR00877,OH-Asp; 3OH-Pro; Ser; OH-Asp; Arg; Pro; Pro; Thr; iC14:0-OH(3)
antibiotic,NOR00878,OH-Asp; 3OH-Pro; Ser; OH-Asp; Arg; Pro; Pro; Thr; iC15:0-OH(3)
antibiotic,NOR00879,OH-Asp; 3OH-Pro; Ser; OH-Asp; Arg; Pro; Pro; Thr; iC16:0-OH(3)
antibiotic,NOR00880,OH-Asp; 3OH-Pro; Ser; OH-Asp; Arg; Pro; Pro; Thr; iC17:0-OH(3)
antibiotic,NOR00881,OH-Asp; 3OH-Pro; Ser; OH-Asp; Arg; Pro; Pro; Thr; iC12:0-OH(3)
antibiotic,NOR00882,C11:0-OH(3); Leu; D-Glu; D-aThr; D-aIle; Leu; D-Ser; Leu; D-Ser; Ile
antibiotic,NOR00883,C12:0-OH(3); Leu; D-Glu; D-aThr; D-aIle; Leu; D-Ser; Leu; D-Ser; Ile
antibiotic,NOR00884,C11:0-OH(3); Leu; D-Glu; D-aThr; D-Val; Leu; D-Ser; Leu; D-Ser; Ile
antibiotic,NOR00885,C12:0-OH(3); Leu; D-Glu; D-aThr; D-Val; Leu; D-Ser; Leu; D-Ser; Ile
antibiotic,NOR00886,C12:0-OH(3); Leu; D-Glu; D-aThr; D-Ile; D-Leu; D-Ser; Leu; D-Ser; Ile
antibiotic,NOR00887,C10:0-OH(3); Leu; D-Glu; D-aThr; D-aIle; Leu; D-Ser; Leu; D-Ser; Val
antibiotic,NOR00888,C12:0-OH(3); Gln; Leu; D-Leu; Val; Asp; D-Leu; Ile
antibiotic,NOR00889,iC13:0-OH(3); Gln; Leu; D-Leu; Val; Asp; D-Leu; Ile
antibiotic,NOR00890,aC13:0-OH(3); Gln; Leu; D-Leu; Val; Asp; D-Leu; Ile
antibiotic,NOR00891,C13:0-OH(3); Gln; Leu; D-Leu; Val; Asp; D-Leu; Ile
antibiotic,NOR00892,iC14:0-OH(3); Gln; Leu; D-Leu; Val; Asp; D-Leu; Ile
antibiotic,NOR00893,C14:0-OH(3); Gln; Leu; D-Leu; Val; Asp; D-Leu; Ile
antibiotic,NOR00894,iC15:0-OH(3); Gln; Leu; D-Leu; Val; Asp; D-Leu; Ile
antibiotic,NOR00895,aC15:0-OH(3); Gln; Leu; D-Leu; Val; Asp; D-Leu; Ile
antibiotic,NOR00896,C15:0-OH(3); Gln; Leu; D-Leu; Val; Asp; D-Leu; Ile
antibiotic,NOR00897,iC16:0-OH(3); Gln; Leu; D-Leu; Val; Asp; D-Leu; Ile
antibiotic,NOR00898,C16:0-OH(3); Gln; Leu; D-Leu; Val; Asp; D-Leu; Ile
antibiotic,NOR00899,iC17:0-OH(3); Gln; Leu; D-Leu; Val; Asp; D-Leu; Ile
antibiotic,NOR00900,aC17:0-OH(3); Gln; Leu; D-Leu; Val; Asp; D-Leu; Ile
siderophore,NOR00901,ChrA; Ser; D-Ser; Hse; Gly; D-OH-Asp; Hse; Hse; Hse; OH-Orn; {; C4:0-OH(3); }; HseL
siderophore,NOR00902,ChrA; Asp; D-Ser; Hse; Gly; D-OH-Asp; Ser; D-Cit; Hse; D-Ac-OH-Orn; HseL
siderophore,NOR00903,ChrD; Lys; D-OH-Asp; Ala; D-aThr; Ala; D-OH-cOrn
siderophore,NOR00904,ChrD; D-Ser; Lys; Gly; Fo-OH-Orn; D-Ser; Ser; Gly; Lys; D-Fo-OH-Orn; Glu; Ser
siderophore,NOR00905,ChrP; Asp; D-Fo-OH-Orn; Lys; Thr; Ala; Ala; D-Fo-OH-Orn; Lys
siderophore,NOR00906,ChrP; Ser; Ala; Ac-OH-Orn; Gly; Ala; OH-Asp; Ser; Thr
siderophore,NOR00907,ChrP; Ser; Ala; Ac-OH-Orn; Gly; Ala; OH-Asp; Ser; Thr
siderophore,NOR00908,ChrP; Ser; Ala; Ac-OH-Orn; Gly; Ser; OH-Asp; Ser; Thr
siderophore,NOR00909,ChrP; Ser; Ala; Ac-OH-Orn; Gly; Ser; OH-Asp; Ser; Thr
siderophore,NOR00910,ChrP; Ser; Dab; Thr; Ser; Ac-OH-Orn; OH-cOrn
siderophore,NOR00911,D-Ala; Orn; OH-Asp; Dab; Ac-OH-Orn; Lys
siderophore,NOR00912,ChrP; D-Ser; Orn; Fo-OH-Orn; Lys; D-Fo-OH-Orn; Glu; Ser
antibiotic,NOR00913,Val; Cys; Leu; D-Glu; Val; Lys; D-Orn; Val; D-Phe; His; D-Asp; Asn
antibiotic,NOR00914,Val; Cys; Leu; D-Glu; Ile; Lys; D-Orn; Val; D-Phe; His; D-Asp; Asn
antibiotic,NOR00915,Val; Cys; Leu; D-Glu; Val; Lys; D-Orn; Ile; D-Phe; His; D-Asp; Asn
antibiotic,NOR00916,Val; Cys; Leu; D-Glu; Ile; Lys; D-Orn; Ile; D-Phe; His; D-Asp; Asn
antibiotic,NOR00917,Val; dhCys; Leu; D-Glu; Ile; Lys; D-Orn; Val; D-Phe; His; D-Asp; Asn
antibiotic,NOR00918,Val; dhCys; Leu; D-Glu; Val; Lys; D-Orn; Ile; D-Phe; His; D-Asp; Asn
antibiotic,NOR00919,Val; dhCys; Leu; D-Glu; Ile; Lys; D-Orn; Ile; D-Phe; His; D-Asp; Asn
antibiotic,NOR00920,Ile; dhCys; Leu; D-Glu; Val; Lys; D-Orn; Val; D-Phe; His; D-Asp; Asn
antibiotic,NOR00921,Ile; dhCys; Leu; D-Glu; Ile; Lys; D-Orn; Val; D-Phe; His; D-Asp; Asn
antibiotic,NOR00922,Ile; dhCys; Leu; D-Glu; Val; Lys; D-Orn; Ile; D-Phe; His; D-Asp; Asn
antibiotic,NOR00923,Ile; dhCys; Leu; D-Glu; Ile; Lys; D-Orn; Ile; D-Phe; His; D-Asp; Asn
antibiotic,NOR00924,C6:0; Leu; Glu; Leu; Ile; Gln; Ser; Val; Ile; Ser; Leu; Ile; Ser
antibiotic,NOR00937,Ac-Trp; Ala; Aib; Aib; Leu; Aib; Gln; Aib; Aib; Aib; Gln; Leu; Aib; Gln; Leuol
antibiotic,NOR00938,Ac-Trp; Ala; Aib; Aib; Leu; Aib; Gln; Ala; Aib; Aib; Gln; Leu; Aib; Gln; Leuol
antibiotic,NOR00939,Ac-Trp; Ala; Aib; Aib; Leu; Aib; Gln; Aib; Ala; Aib; Gln; Leu; Aib; Gln; Leuol
antibiotic,NOR00940,Ac-Trp; Ala; Aib; Aib; Leu; Aib; Gln; Aib; Aib; Ala; Gln; Leu; Aib; Gln; Leuol
antibiotic,NOR00941,Ac-Trp; Ala; Aib; Aib; Leu; Aib; Gln; Ala; Aib; Aib; Gln; Leu; Ala; Gln; Leuol
antibiotic,NOR00942,Ac-Trp; Ala; Aib; Aib; Leu; Aib; Gln; Aib; Ala; Ala; Gln; Leu; Aib; Gln; Leuol
antibiotic,NOR00943,Ac-Trp; Ala; Aib; Aib; Leu; Aib; Gln; Aib; Aib; Ala; Gln; Leu; Ala; Gln; Leuol
antibiotic,NOR00944,Ac-Trp; Ala; Aib; Aib; Leu; Aib; Gln; Ala; Ala; Aib; Gln; Leu; Aib; Gln; Leuol
antibiotic,NOR00945,Ac-Phe; Aib; Aib; Aib; D-Ival; Gly; Leu; Aib; Aib; 4OH-Pro; Gln; D-Ival; 4OH-Pro; Aib; Pro; Pheol
antibiotic,NOR00946,Ac-Phe; Aib; Aib; Aib; D-Ival; Gly; Leu; Aib; Aib; 4OH-Pro; Gln; D-Ival; Pro; Aib; Pro; Pheol
antibiotic,NOR00947,Ac-Phe; Aib; Aib; Aib; Aib; Gly; Leu; Aib; Aib; 4OH-Pro; Gln; D-Ival; 4OH-Pro; Aib; Pro; Pheol
antibiotic,NOR00948,Ac-Phe; Aib; Aib; Ala; D-Ival; Gly; Leu; Aib; Aib; 4OH-Pro; Gln; D-Ival; 4OH-Pro; Aib; Pro; Pheol
antibiotic,NOR00949,Ac-Phe; Aib; Aib; Aib; D-Ival; Ala; Leu; Aib; Aib; 4OH-Pro; Gln; D-Ival; 4OH-Pro; Aib; Pro; Pheol
antibiotic,NOR00950,Ac-Phe; Aib; Aib; Aib; Aib; Gly; Leu; Aib; Aib; 4OH-Pro; Gln; Aib; 4OH-Pro; Aib; Pro; Pheol
antibiotic,NOR00951,Ac-Phe; Ala; Aib; D-Ival; Aib; Gly; Leu; Aib; Aib; 4OH-Pro; Gln; D-Ival; 4OH-Pro; Aib; Pro; Pheol
antibiotic,NOR00952,Ac-Phe; Aib; Aib; Aib; D-Ival; Gly; Leu; Aib; Aib; 4OH-Pro; Gln; Aib; 4OH-Pro; Aib; Pro; Pheol
antibiotic,NOR00953,Ac-Phe; Aib; Ala; Aib; D-Ival; Gly; Leu; Aib; Aib; 4OH-Pro; Gln; D-Ival; 4OH-Pro; Aib; Pro; Pheol
antibiotic,NOR00954,Ac-Phe; Aib; Aib; Aib; D-Ival; Gly; Leu; D-Ival; Aib; 4OH-Pro; Gln; Aib; 4OH-Pro; Aib; Pro; Pheol
antibiotic,NOR00955,Ac-Phe; Aib; Aib; Aib; Aib; Ala; Leu; Aib; Aib; 4OH-Pro; Gln; D-Ival; 4OH-Pro; Aib; Pro; Pheol
antibiotic,NOR00956,Ac-Phe; Aib; Aib; Aib; Aib; Gly; Leu; Ala; Aib; 4OH-Pro; Gln; D-Ival; 4OH-Pro; Aib; Pro; Pheol
antibiotic,NOR00957,Ac-Val; Aib; Aib; Aib; Aib; Gly; Leu; Aib; Aib; 4OH-Pro; Gln; D-Ival; 4OH-Pro; Aib; Pro; Pheol
antibiotic,NOR00958,Ac-Val; Aib; Aib; Aib; Val; Gly; Leu; Aib; Aib; 4OH-Pro; Gln; D-Ival; 4OH-Pro; Aib; Pro; Pheol
antibiotic,NOR00959,NAc-Leu; Aib; Aib; Aib; Aib; Gly; Leu; Aib; Aib; 4OH-Pro; Gln; D-Ival; 4OH-Pro; Aib; Pro; Pheol
antibiotic,NOR00960,NAc-Leu; Aib; Aib; Aib; D-Ival; Gly; Leu; Aib; Aib; 4OH-Pro; Gln; D-Ival; 4OH-Pro; Aib; Pro; Pheol
antibiotic,NOR00961,Ac-Aib; Pro; Aib; Ala; Aib; Ala; Gln; Aib; Val; Aib; Gly; Leu; Aib; Pro; Val; Aib; Aib; Gln; Gln; Pheol
antibiotic,NOR00962,Ac-Aib; Pro; Aib; Ala; Aib; Ala; Gln; Aib; Val; Aib; Gly; Leu; Aib; Pro; Val; Aib; Ival; Gln; Gln; Pheol
antibiotic,NOR00963,Ac-Aib; Pro; Aib; Ala; Aib; Aib; Gln; Aib; Val; Aib; Gly; Leu; Aib; Pro; Val; Aib; Ival; Gln; Gln; Pheol
antibiotic,NOR00964,Ac-Val; Aib; Aib; Aib; Val; Gly; Leu; Aib; Aib; 4OH-Pro; Gln; Ival; 4OH-Pro; Aib; Pheol
antibiotic,NOR00965,Ac-Val; Aib; Aib; Aib; Val; Gly; Leu; Val; Aib; 4OH-Pro; Gln; Aib; 4OH-Pro; Aib; Pheol
antibiotic,NOR00966,Ac-Val; Aib; Aib; Aib; Val; Gly; Leu; Aib; Aib; 4OH-Pro; Gln; Aib; 4OH-Pro; Aib; Pheol
antibiotic,NOR00967,Ac-Val; Aib; Aib; Val; Gly; Leu; Aib; Aib; 4OH-Pro; Gln; Aib; 4OH-Pro; Aib; Pheol
antibiotic,NOR00968,Ac-Phe; Aib; Ala; Aib; Ival; Leu; Gln; Gly; Aib; Aib; Ala; Ala; Aib; Pro; Aib; Aib; Aib; Gln; Trpol
antibiotic,NOR00969,Ac-Phe; Aib; Aib; Aib; Aib; Gly; Leu; D-Ival; Aib; 4OH-Pro; Gln; D-Ival; 4OH-Pro; Aib; Pro; Pheol
antibiotic,NOR00970,Ac-Phe; Aib; Aib; Aib; Aib; Ala; Leu; D-Ival; Aib; 4OH-Pro; Gln; D-Ival; 4OH-Pro; Aib; Pro; Pheol
antibiotic,NOR00971,Ac-Phe; Aib; Aib; Aib; D-Ival; Gly; Leu; D-Ival; Aib; 4OH-Pro; Gln; D-Ival; 4OH-Pro; Aib; Pro; Pheol
antibiotic,NOR00972,Ac-Phe; Aib; Aib; Aib; Aib; Gly; Leu; D-Ival; Aib; 4OH-Pro; Gln; Aib; 4OH-Pro; Aib; Pro; Pheol
antibiotic,NOR00973,Ac-Phe; Aib; Aib; Aib; Aib; Gly; Leu; Aib; Aib; 4OH-Pro; Gln; Aib; 4OH-Pro; Aib; Pro; Pheol
antibiotic,NOR00974,Ac-Phe; Aib; Aib; Aib; Aib; Gly; Leu; Aib; Aib; 4OH-Pro; Gln; D-Ival; 4OH-Pro; Aib; Pro; Pheol
antibiotic,NOR00975,Ac-Phe; D-Ival; Gln; Aib; Ile; Thr; Aib; Leu; Aib; 4OH-Pro; Gln; Aib; 4OH-Pro; Aib; Pro; Phe; Serol
antibiotic,NOR00976,Ac-Phe; D-Ival; Gln; Aib; Ile; Thr; Aib; Leu; Aib; Pro; Gln; Aib; 4OH-Pro; Aib; Pro; Phe; Serol
antibiotic,NOR00977,NAc-Leu; Aib; Pro; Aib; Leu; Aib; Pro; Ala; Aib; Pro; Val; Leuol
antibiotic,NOR00978,NAc-Leu; Aib; Pro; Aib; Leu; Aib; Pro; Ala; Aib; Pro; Val; OAc-Leuol
antibiotic,NOR00979,Ac-Phe; Aib; Ser; Aib; Aib; Leu; Gln; Gly; Aib; Aib; Ala; Ala; Aib; Pro; Aib; Aib; Aib; Gln; Trpol
antibiotic,NOR00980,Ac-Phe; Aib; Ser; Aib; Aib; Leu; Gln; Gly; Aib; Aib; Ala; Ala; Aib; Pro; D-Ival; Aib; Aib; Gln; Trpol
antibiotic,NOR00981,Ac-Phe; Aib; Ser; Aib; D-Ival; Leu; Gln; Gly; Aib; Aib; Ala; Ala; Aib; Pro; Aib; Aib; Aib; Gln; Trpol
antibiotic,NOR00982,Ac-Phe; Aib; Ser; Aib; D-Ival; Leu; Gln; Gly; Aib; Aib; Ala; Ala; Aib; Pro; D-Ival; Aib; Aib; Gln; Trpol
antibiotic,NOR00983,Ac-Trp; Ile; Gln; Aib; Ile; Thr; Aib; Leu; Aib; 4OH-Pro; Gln; Aib; 4OH-Pro; Aib; Pro; Pheol
antibiotic,NOR00984,Ac-Trp; Ile; Gln; Ival; Ile; Thr; Aib; Leu; Aib; 4OH-Pro; Gln; Aib; 4OH-Pro; Aib; Pro; Pheol
antibiotic,NOR00985,Ac-Phe; Aib; Aib; Aib; Val; Gly; Leu; Aib; Aib; 4OH-Pro; Gln; D-Ival; 4OH-Pro; Ala; Pheol
antibiotic,NOR00986,Ac-Phe; Aib; Aib; Aib; Val; Gly; Leu; Aib; Aib; 4OH-Pro; Gln; D-Ival; 4OH-Pro; Aib; Pheol
antibiotic,NOR00987,Ac-Aib; Asn; Leu; Ile; Aib; Pro; Ival; Leu; Aib; Pro; Leuol
antibiotic,NOR00988,Ac-Aib; Asn; Leu; Aib; Pro; Ser; Val; Aib; Pro; Aib; Leu; Aib; Pro; Leuol
antibiotic,NOR00989,Ac-Aib; Asn; Leu; Aib; Pro; Ser; Val; Aib; Pro; Ival; Leu; Aib; Pro; Leuol
antibiotic,NOR00990,Ac-Aib; Asn; Leu; Aib; Pro; Ala; Val; Aib; Pro; Aib; Leu; Aib; Pro; Leuol
antibiotic,NOR00991,Ac-Aib; Asn; Leu; Aib; Pro; Ala; Val; Aib; Pro; Ival; Leu; Aib; Pro; Leuol
antibiotic,NOR00992,Ac-Aib; Asn; Leu; Aib; Pro; Ala; Ile; Aib; Pro; Ival; Leu; Aib; Pro; Leuol
antibiotic,NOR00993,Ac-Aib; Gln; Leu; Aib; Pro; Ala; Val; Aib; Pro; Ival; Leu; Aib; Pro; Leuol
antibiotic,NOR00994,Ac-Aib; Asn; Leu; Aib; Pro; Ser; Ile; Aib; Pro; Ival; Leu; Aib; Pro; Leuol
antibiotic,NOR00995,Ac-Aib; Gln; Leu; Aib; Pro; Ala; Ile; Aib; Pro; Ival; Leu; Aib; Pro; Leuol
antibiotic,NOR00996,Ac-Aib; Asn; Leu; Aib; Pro; Ser; Ile; Aib; Pro; Aib; Leu; Aib; Pro; Leuol
antibiotic,NOR00997,Ac-Aib; Gln; Leu; Aib; Pro; Ser; Ile; Aib; Pro; Ival; Leu; Aib; Pro; Leuol
antibiotic,NOR00998,Ac-Aib; Asn; Leu; Aib; Pro; Ala; Ile; Aib; Pro; Aib; Leu; Aib; Pro; Leuol
antibiotic,NOR00999,Ac-Aib; Asn; Ile; Ile; Aib; Pro; Leu; Leu; Aib; Pro; Leuol
antibiotic,NOR01000,Ac-Aib; Asn; Leu; Aib; Pro; Ser; Ile; Aib; Pro; Aib; Leu; Aib; Pro; Valol
antibiotic,NOR01001,Ac-Phe; Aib; Aib; Aib; Val; Gly; Leu; Aib; Aib; 4OH-Pro; Gln; Aib; 4OH-Pro; Aib; Pheol
antibiotic,NOR01002,Ac-Aib; Gln; Val; Val; Aib; Pro; Leu; Leu; Aib; Pro; Leuol
antibiotic,NOR01003,Ac-Ival; Gln; Val; Val; Aib; Pro; Leu; Leu; Aib; Pro; Leuol
antibiotic,NOR01004,Ac-Aib; Gln; Val; Leu; Aib; Pro; Leu; Ile; Aib; Pro; Leuol
antibiotic,NOR01005,Ac-Aib; Gln; Ile; Val; Aib; Pro; Leu; Leu; Aib; Pro; Leuol
antibiotic,NOR01006,Ac-Aib; Gln; Ile; Ile; Aib; Pro; Leu; Leu; Aib; Pro; Leuol
antibiotic,NOR01007,Ac-Aib; Gln; Ile; Leu; Aib; Pro; Leu; Ile; Aib; Pro; Leuol
antibiotic,NOR01008,Ac-Aib; Ser; Ala; Leu; Aib; Gln; Aib; Val; Aib; Gly; Aib; Aib; Pro; Leu; Aib; Aib; Gln; Valol
antibiotic,NOR01009,Ac-Aib; Ser; Ala; Leu; Aib; Gln; Aib; Val; Aib; Gly; Aib; Aib; Pro; Leu; Aib; Aib; Gln; Leuol
antibiotic,NOR01010,Ac-Aib; Ala; Ala; Leu; Aib; Gln; Aib; Val; Aib; Gly; Aib; Aib; Pro; Leu; Aib; Aib; Gln; Valol
antibiotic,NOR01011,Ac-Aib; Ser; Ala; Leu; Aib; Gln; Ival; Val; Aib; Gly; Aib; Aib; Pro; Leu; Aib; Aib; Gln; Valol
antibiotic,NOR01012,Ac-Aib; Ser; Ala; Leu; Aib; Gln; Aib; Val; Aib; Gly; Ival; Aib; Pro; Leu; Aib; Aib; Gln; Valol
antibiotic,NOR01013,Ac-Aib; Ser; Ala; Leu; Aib; Gln; Aib; Val; Aib; Gly; Ival; Aib; Pro; Leu; Aib; Aib; Gln; Leuol
antibiotic,NOR01014,Ac-Aib; Ala; Aib; Ala; Aib; Ala; Gln; Aib; Val; Aib; Gly; Leu; Aib; Pro; Val; Aib; Aib; Gln; Gln; Pheol
antibiotic,NOR01015,Ac-Aib; Ala; Aib; Ala; Aib; Ala; Gln; Aib; Val; Aib; Gly; Leu; Aib; Pro; Val; Aib; Ival; Gln; Gln; Pheol
antibiotic,NOR01016,Ac-Aib; Ala; Aib; Ala; Aib; Aib; Gln; Aib; Val; Aib; Gly; Leu; Aib; Pro; Val; Aib; Aib; Gln; Gln; Pheol
antibiotic,NOR01017,Ac-Aib; Ala; Aib; Ala; Aib; Aib; Gln; Aib; Val; Aib; Gly; Leu; Aib; Pro; Val; Aib; Ival; Gln; Gln; Pheol
antibiotic,NOR01018,Ac-Aib; Ala; Aib; Ala; Aib; Ala; Gln; Aib; Val; Aib; Gly; Leu; Aib; Pro; Val; Aib; Aib; Glu; Gln; Pheol
antibiotic,NOR01019,Ac-Aib; Ala; Aib; Ala; Aib; Ala; Gln; Aib; Val; Aib; Gly; Leu; Aib; Pro; Val; Aib; Ival; Glu; Gln; Pheol
antibiotic,NOR01020,C8:0; Aib; Pro; Phe; Aib; Gln; Gln; Aib; Et-Nva; Gln; Ala; Leuol
antibiotic,NOR01021,C8:0; Aib; Pro; Tyr; Aib; Gln; Gln; Aib; Et-Nva; Gln; Ala; Leuol
antibiotic,NOR01022,C10:0; Aib; Pro; Phe; Aib; Gln; Gln; Aib; Aib; Gln; Ala; Leuol
antibiotic,NOR01023,Ac-Aib; Ala; Aib; Ala; Aib; Ala; Gln; Aib; Val; Aib; Gly; Aib; Aib; Pro; Val; Aib; Aib; Gln; Gln; Pheol
antibiotic,NOR01024,Ac-Aib; Ala; Aib; Ala; Aib; Ala; Gln; Aib; Leu; Aib; Gly; Aib; Aib; Pro; Val; Aib; Aib; Gln; Gln; Pheol
antibiotic,NOR01025,Ac-Aib; Ala; Aib; Ala; Aib; Aib; Gln; Aib; Val; Aib; Gly; Aib; Aib; Pro; Val; Aib; Aib; Gln; Gln; Pheol
antibiotic,NOR01026,Ac-Aib; Ala; Aib; Ala; Aib; Aib; Gln; Aib; Leu; Aib; Gly; Aib; Aib; Pro; Val; Aib; Aib; Gln; Gln; Pheol
antibiotic,NOR01027,Ac-Aib; Ala; Aib; Ala; Aib; Ala; Gln; Aib; Leu; Aib; Gly; Aib; Ala; Pro; Val; Aib; Aib; Gln; Gln; Pheol
antibiotic,NOR01028,NAc-Leu; Aib; Leu; Aib; Pheol
antibiotic,NOR01029,Ac-Phe; Aib; Ala; Aib; Ival; Leu; Gln; Gly; Aib; Aib; Ala; Ala; Aib; Pro; Ival; Aib; Aib; Gln; Trpol
antibiotic,NOR01030,Ac-Phe; Aib; Ser; Aib; Ival; Leu; Gln; Gly; Aib; Aib; Ala; Ala; Aib; Pro; Ival; Aib; Aib; Gln; Pheol
antibiotic,NOR01031,Ac-Aib; Pro; Aib; Ala; Aib; Ala; Gln; Aib; Val; Aib; Gly; Aib; Aib; Pro; Val; Aib; Aib; Glu; Gln; Valol
antibiotic,NOR01032,Ac-Aib; Pro; Aib; Ala; Aib; Ala; Gln; Aib; Leu; Aib; Gly; Aib; Aib; Pro; Val; Aib; Aib; Glu; Gln; Valol
antibiotic,NOR01033,Ac-Aib; Pro; Aib; Ala; Aib; Aib; Gln; Aib; Val; Aib; Gly; Aib; Ala; Pro; Val; Aib; Aib; Glu; Gln; Leuol
antibiotic,NOR01034,Ac-Aib; Pro; Aib; Ala; Aib; Ala; Gln; Aib; Leu; Aib; Gly; Aib; Aib; Pro; Val; Aib; Aib; Glu; Gln; Leuol
antibiotic,NOR01035,Ac-Aib; Pro; Aib; Ala; Aib; Aib; Gln; Aib; Leu; Aib; Gly; Aib; Aib; Pro; Val; Aib; Aib; Glu; Gln; Valol
antibiotic,NOR01036,Ac-Aib; Pro; Aib; Ala; Aib; Ala; Gln; Aib; Leu; Aib; Gly; Aib; Aib; Pro; Val; Aib; Aib; Glu; Gln; Ivalol
antibiotic,NOR01037,Ac-Aib; Pro; Aib; Ala; Aib; Aib; Gln; Aib; Leu; Aib; Gly; Aib; Aib; Pro; Val; Aib; Aib; Glu; Gln; Ileol
antibiotic,NOR01038,Ac-Aib; Pro; Aib; Ala; Aib; Ala; Gln; Aib; Val; Aib; Gly; Aib; Aib; Pro; Val; Aib; Aib; Gln; Gln; Valol
antibiotic,NOR01039,Ac-Aib; Pro; Aib; Ala; Aib; Ala; Gln; Aib; Leu; Aib; Gly; Aib; Aib; Pro; Val; Aib; Aib; Gln; Gln; Valol
antibiotic,NOR01040,Ac-Aib; Pro; Aib; Ala; Aib; Ala; Gln; Aib; Val; Aib; Gly; Aib; Aib; Pro; Val; Aib; Aib; Gln; Gln; Leuol
antibiotic,NOR01041,Ac-Aib; Pro; Aib; Ala; Aib; Ala; Gln; Aib; Leu; Aib; Gly; Aib; Aib; Pro; Val; Aib; Aib; Gln; Gln; Leuol
antibiotic,NOR01042,Ac-Aib; Pro; Aib; Ala; Aib; Aib; Gln; Aib; Leu; Aib; Gly; Aib; Aib; Pro; Val; Aib; Aib; Gln; Gln; Valol
antibiotic,NOR01043,Ac-Aib; Pro; Aib; Ala; Aib; Aib; Gln; Aib; Val; Aib; Gly; Aib; Aib; Pro; Val; Aib; Aib; Gln; Gln; Valol
antibiotic,NOR01044,Ac-Aib; Pro; Aib; Ala; Aib; Aib; Gln; Aib; Leu; Aib; Gly; Aib; Aib; Pro; Val; Aib; Aib; Gln; Gln; Leuol
antibiotic,NOR01045,Ac-Aib; Pro; Aib; Ala; Aib; Aib; Gln; Aib; Val; Aib; Gly; Aib; Aib; Pro; Val; Aib; Aib; Gln; Gln; Leuol
antibiotic,NOR01046,Ac-Aib; Pro; Aib; Ala; Aib; Aib; Gln; Aib; Leu; Aib; Gly; Aib; Aib; Pro; Val; Aib; Aib; Gln; Gln; Ileol
antibiotic,NOR01047,Ac-Aib; Pro; Aib; Ala; Aib; Aib; Gln; Aib; Val; Aib; Gly; Aib; Aib; Pro; Val; Aib; Aib; Gln; Gln; Ileol
antibiotic,NOR01048,Ac-Aib; Asn; Leu; Leu; Aib; Pro; Leu; Aib; Aib; Pro; Leuol
antibiotic,NOR01049,Ac-Aib; Asn; Leu; Leu; Aib; Pro; Val; Leu; Aib; Pro; Valol
antibiotic,NOR01050,Ac-Aib; Asn; Val; Leu; Aib; Pro; Leu; Leu; Aib; Pro; Valol
antibiotic,NOR01051,Ac-Aib; Asn; Leu; Val; Aib; Pro; Leu; Leu; Aib; Pro; Valol
antibiotic,NOR01052,Ac-Aib; Asn; Leu; Leu; Aib; Pro; Val; Aib; Val; Pro; Leuol
antibiotic,NOR01053,Ac-Aib; Asn; Val; Leu; Aib; Pro; Leu; Aib; Val; Pro; Leuol
antibiotic,NOR01054,Ac-Aib; Asn; Leu; Val; Aib; Pro; Leu; Aib; Val; Pro; Leuol
antibiotic,NOR01055,Ac-Aib; Asn; Leu; Leu; Aib; Pro; Leu; Aib; Val; Pro; Valol
antibiotic,NOR01056,aC9:0; Dab; Thr; Dab; Dab; Dab; D-Phe; Leu; Dab; Dab; Thr
antibiotic,NOR01057,aC9:0; Dab; Thr; Dab; Dab; Dab; D-Phe; Ile; Dab; Dab; Thr
antibiotic,NOR01058,aC9:0; Dab; Thr; Dab; Dab; Dab; D-Leu; Leu; Dab; Dab; Thr
antibiotic,NOR01059,aC9:0; Dab; Thr; Dab; Dab; Dab; D-Leu; Ile; Dab; Dab; Thr
antibiotic,NOR01060,aC9:0; Dab; Thr; Dab; Dab; Dab; D-Leu; Val; Dab; Dab; Thr
antibiotic,NOR01061,aC9:0; Dab; Thr; Dab; Dab; Dab; D-Leu; Nva; Dab; Dab; Thr
antibiotic,NOR01062,aC9:0; Dab; Thr; Dab; Dab; Dab; D-Leu; Thr; Dab; Dab; Thr
antibiotic,NOR01063,iC8:0; Dab; Thr; Dab; Dab; Dab; D-Phe; Leu; Dab; Dab; Thr
antibiotic,NOR01064,C8:0; Dab; Thr; Dab; Dab; Dab; D-Phe; Leu; Dab; Dab; Thr
antibiotic,NOR01065,C7:0; Dab; Thr; Dab; Dab; Dab; D-Phe; Leu; Dab; Dab; Thr
antibiotic,NOR01066,C9:0; Dab; Thr; Dab; Dab; Dab; D-Phe; Leu; Dab; Dab; Thr
antibiotic,NOR01067,aC9:0-OH(3); Dab; Thr; Dab; Dab; Dab; D-Phe; Leu; Dab; Dab; Thr
antibiotic,NOR01068,iC8:0; Dab; Thr; Dab; Dab; Dab; D-Leu; Leu; Dab; Dab; Thr
antibiotic,NOR01069,iC8:0; Dab; Thr; Dab; Dab; Dab; D-Leu; Ile; Dab; Dab; Thr
antibiotic,NOR01070,iC8:0; Dab; Thr; Dab; Dab; Dab; D-Leu; Val; Dab; Dab; Thr
antibiotic,NOR01071,C8:0; Dab; Thr; Dab; Dab; Dab; D-Leu; Leu; Dab; Dab; Thr
antibiotic,NOR01072,C7:0; Dab; Thr; Dab; Dab; Dab; D-Leu; Leu; Dab; Dab; Thr
antibiotic,NOR01073,iC9:0; Dab; Thr; Dab; Dab; Dab; D-Leu; Leu; Dab; Dab; Thr
antibiotic,NOR01074,aC10:0; Dab; Thr; Dab; Dab; Dab; D-Leu; Ile; Dab; Dab; Thr
surfactant,NOR01075,C10:0-OH(3); Leu; Leu; Gln; Leu; Thr; Val; Leu; Leu
surfactant,NOR01076,C10:0-OH(3); Leu; Leu; Gln; Leu; Thr; Leu; Leu; Leu
surfactant,NOR01077,C10:0-OH(3); Leu; Leu; Gln; Leu; Thr; Ile; Leu; Leu
surfactant,NOR01078,C12:0-OH(3); Leu; Leu; Gln; Leu; Thr; Val; Leu; Leu
surfactant,NOR01079,C12:0-OH(3); Leu; Leu; Gln; Leu; Thr; Leu; Leu; Leu
surfactant,NOR01080,C12:0-OH(3); Leu; Leu; Gln; Leu; Thr; Ile; Leu; Leu
antibiotic,NOR01081,D-Hpg; D-Dhpg; Val; D-Dhpg; Hpg; D-Dhpg; Hpg; D-Dhpg; Val; D-Dhpg; Hpg; Phe; Asp
antibiotic,NOR01082,Ac-Trp; Ile; Gln; Aib; Val; Thr; Aib; Leu; Aib; 4OH-Pro; Gln; Aib; 4OH-Pro; Aib; Pro; Pheol
antibiotic,NOR01083,Ac-Trp; Ile; Gln; Aib; Ile; Thr; Aib; Val; Aib; 4OH-Pro; Gln; Aib; 4OH-Pro; Aib; Pro; Pheol
antibiotic,NOR01084,Ac-Trp; Val; Gln; Aib; Ile; Thr; Aib; Leu; Aib; 4OH-Pro; Gln; Aib; 4OH-Pro; Aib; Pro; Pheol
antibiotic,NOR01085,Ac-Trp; Ile; Gln; D-Ival; Val; Thr; Aib; Leu; Aib; 4OH-Pro; Gln; Aib; 4OH-Pro; Aib; Pro; Pheol
antibiotic,NOR01086,Ac-Trp; Ile; Gln; D-Ival; Ile; Thr; Aib; Val; Aib; 4OH-Pro; Gln; Aib; 4OH-Pro; Aib; Pro; Pheol
antibiotic,NOR01087,Ac-Trp; Ile; Glu; D-Ival; Val; Thr; Aib; Leu; Aib; 4OH-Pro; Gln; Aib; 4OH-Pro; Aib; Pro; Pheol
antibiotic,NOR01088,Ac-Trp; Val; Glu; D-Ival; Ile; Thr; Aib; Leu; Aib; 4OH-Pro; Gln; Aib; 4OH-Pro; Aib; Pro; Pheol
antibiotic,NOR01089,Ac-Trp; Ile; Glu; Aib; Ile; Thr; Aib; Leu; Aib; 4OH-Pro; Gln; Aib; 4OH-Pro; Aib; Pro; Pheol
antibiotic,NOR01090,Ac-Trp; Ile; Glu; D-Ival; Ile; Thr; Aib; Leu; Aib; 4OH-Pro; Gln; Aib; 4OH-Pro; Aib; Pro; Pheol
antibiotic,NOR01091,Ac-Trp; Ile; Gln; Aib; Ile; Thr; Aib; Leu; Aib; 4OH-Pro; Gln; Aib; 4OH-Pro; Aib; Pro; Pheol
antibiotic,NOR01092,Ac-Trp; Ile; Gln; D-Ival; Ile; Thr; Aib; Leu; Aib; 4OH-Pro; Gln; Aib; 4OH-Pro; Aib; Pro; Pheol
antibiotic,NOR01093,NAc-Leu; Ile; Gln; D-Ival; Ile; Thr; Aib; Leu; Aib; 4OH-Pro; Gln; Aib; 4OH-Pro; Aib; Pro; Pheol
antibiotic,NOR01094,Ac-Aib; Gly; Aib; Leu; Aib; Glu; Aib; Aib; Aib; Ala; Aib; Aib; Pro; Leu; Aib; D-Ival; Gln; Valol
antibiotic,NOR01095,Ac-Aib; Gly; Aib; Leu; Aib; Gln; Aib; Aib; Ala; Ala; Aib; Aib; Pro; Leu; Aib; Aib; Glu; Valol
antibiotic,NOR01096,Ac-Aib; Gly; Aib; Leu; Aib; Gln; Aib; Aib; Aib; Ala; Ala; Aib; Pro; Leu; Aib; Aib; Glu; Valol
antibiotic,NOR01097,Ac-Aib; Gly; Aib; Leu; Aib; Gln; Aib; Aib; Ala; Ala; Aib; Aib; Pro; Leu; Aib; D-Ival; Glu; Valol
antibiotic,NOR01098,Ac-Aib; Gly; Aib; Leu; Aib; Gln; Aib; Aib; Aib; Ala; Aib; Aib; Pro; Leu; Aib; Aib; Glu; Valol
antibiotic,NOR01099,Ac-Aib; Gly; Aib; Leu; Aib; Gln; Aib; Aib; Aib; Ala; Aib; Aib; Pro; Leu; Aib; D-Ival; Glu; Valol
antibiotic,NOR01100,Ac-Aib; Ala; Aib; Leu; Aib; Gln; Aib; Aib; Aib; Ala; Aib; Aib; Pro; Leu; Aib; Aib; Glu; Valol
antibiotic,NOR01101,Ac-Aib; Gly; Aib; Leu; Aib; Gln; Aib; Aib; Aib; Ala; Ala; Aib; Pro; Leu; Aib; Aib; Gln; Valol
antibiotic,NOR01102,Ac-Aib; Gly; Aib; Leu; Aib; Gln; Aib; Aib; Ala; Ala; Ala; Aib; Pro; Leu; Aib; D-Ival; Gln; Valol
antibiotic,NOR01103,Ac-Aib; Gly; Aib; Leu; Aib; Gln; Aib; Aib; Aib; Ala; Ala; Aib; Pro; Leu; Aib; D-Ival; Gln; Valol
antibiotic,NOR01104,Ac-Aib; Ala; Aib; Leu; Aib; Gln; Aib; Aib; Aib; Ala; Ala; Aib; Pro; Leu; Aib; D-Ival; Gln; Valol
antibiotic,NOR01105,Ac-Aib; Gly; Aib; Leu; Aib; Gln; Aib; Aib; Aib; Ala; Aib; Aib; Pro; Leu; Aib; D-Ival; Gln; Valol
antibiotic,NOR01106,Ac-Aib; Ala; Aib; Leu; Aib; Gln; Aib; Aib; Aib; Ala; Aib; Aib; Pro; Leu; Aib; D-Ival; Gln; Valol
antitumor,NOR01107,C10:0-NH2(2)-oxo(8); D-Hpr; Ile; OMe-Trp
antitumor,NOR01108,C10:0-NH2(2)-oxo(8); D-Hpr; Ile; Trp
antitumor,NOR01109,C10:0-OH(8)-NH2(2); D-Hpr; Ile; OMe-Trp
antitumor,NOR01110,C10:0-OH(9)-NH2(2)-oxo(8); D-Hpr; Ile; OMe-Trp
antitumor,NOR01111,C10:0-OH(9)-NH2(2); D-Hpr; Ile; OMe-Trp
antitumor,NOR01112,C10:0-NH2(2)-oxo(8); D-Hpr; Val; OMe-Trp
antitumor,NOR01113,C10:0-NH2(2)-oxo(8); D-Pro; Ile; OMe-Trp
antibiotic,NOR01114,iC11:0; D-NMe-Ser; D-Ala; Gly; NMe-Hpg; Ala; Tyr
antibiotic,NOR01115,iC12:0; D-NMe-Ser; D-Ala; Gly; NMe-Hpg; Ala; Tyr
antibiotic,NOR01116,C12:0; D-NMe-Ser; D-Ala; Gly; NMe-Hpg; Ala; Tyr
antibiotic,NOR01117,aC13:0; D-NMe-Ser; D-Ala; Gly; NMe-Hpg; Ala; Tyr
antibiotic,NOR01118,iC14:0; D-NMe-Ser; D-Ala; Gly; NMe-Hpg; Ala; Tyr
antibiotic,NOR01119,iC11:0; D-NMe-Ser; D-Ala; Gly; NMe-Hpg; Ala; 3NO2-Tyr
antibiotic,NOR01120,iC12:0; D-NMe-Ser; D-Ala; Gly; NMe-Hpg; Ala; 3NO2-Tyr
antibiotic,NOR01121,C12:0; D-NMe-Ser; D-Ala; Gly; NMe-Hpg; Ala; 3NO2-Tyr
antibiotic,NOR01122,aC13:0; D-NMe-Ser; D-Ala; Gly; NMe-Hpg; Ala; 3NO2-Tyr
antibiotic,NOR01123,iC13:0; D-NMe-Ser; D-Ala; Gly; NMe-Hpg; Ala; 3NO2-Tyr
antibiotic,NOR01124,iC14:0; D-NMe-Ser; D-Ala; Gly; NMe-Hpg; Ala; 3NO2-Tyr
antibiotic,NOR01125,aC15:0; D-NMe-Ser; D-Ala; Gly; NMe-Hpg; Ala; 3NO2-Tyr
antibiotic,NOR01131,C8:3(t2.t4.t6); Phe; Ser; Pro; NMe-Ala; Ala; 4Me-Pro
protease inhibitor,NOR01132,Lys; Ahp; Leu; NMe-Tyr; Val; Thr; Glu; C8:0
protease inhibitor,NOR01133,Lys; Ahp; Leu; NMe-Tyr; Val; Thr; Glu; C6:0
protease inhibitor,NOR01134,Adda; Ala; Val; NMe-Tyr; Hty
protease inhibitor,NOR01135,Adda; Tyr; NMe-Ile; Pro; Tyr
protease inhibitor,NOR01136,Adda; Ala; Pro; Tyr; Tyr
protease inhibitor,NOR01137,Adda; Hty; Ala; Pro; Tyr
protease inhibitor,NOR01138,Adda; Val; Pro; Tyr; Tyr
protease inhibitor,NOR01139,Adda; Thr; Pro; Tyr; Tyr
protease inhibitor,NOR01140,Adda; Thr; Pro; Tyr; Trp
siderophore,NOR01141,D-Fo-OH-Orn; D-aThr; OH-Orn; D-Fo-OH-Orn
antitumor,NOR01142,Phe; NMe-Phe; Phe; Aib; NMe-Leu; Pro; Leu
antitumor,NOR01143,Phe; NMe-Phe; Phe; Aib; NMe-Leu; 3Me-Pro; Leu
unknown,NOR01144,Val; NMe-Tyr; Phe; Ahp; Abu; Thr; O-Met; C6:0
protease inhibitor,NOR01145,Val; NMe-Tyr; Phe; Ahp; Abu; Thr; Gln; C4:0
antibiotic,NOR01146,Ac-Aib; Gly; Ala; Val; Aib; Gln; Aib; Ala; Aib; Ser; Leu; Aib; Pro; Leu; Aib; Aib; Gln; Valol
antibiotic,NOR01147,Ac-Aib; Gly; Ala; Leu; Aib; Gln; Aib; Ala; Aib; Ser; Leu; Aib; Pro; Leu; Aib; Aib; Gln; Valol
antibiotic,NOR01148,Ac-Aib; Gly; Ala; Leu; Aib; Gln; D-Ival; Ala; Aib; Ser; Leu; Aib; Pro; Leu; Aib; Aib; Gln; Valol
antibiotic,NOR01149,Ac-Aib; Ser; Ala; Aib; Aib; Gln; Aib; Val; Aib; Gly; Leu; Aib; Pro; Leu; Aib; Aib; Gln; Trpol
antibiotic,NOR01150,Ac-Aib; Ser; Ala; Aib; Ival; Gln; Aib; Val; Aib; Gly; Leu; Aib; Pro; Leu; Aib; Aib; Gln; Trpol
antibiotic,NOR01151,Ac-Aib; Ser; Ala; Aib; Ival; Gln; Ival; Val; Aib; Gly; Leu; Aib; Pro; Leu; Aib; Aib; Gln; Trpol
antibiotic,NOR01152,Ac-Aib; Ser; Ala; Ival; Ival; Gln; Aib; Val; Aib; Gly; Leu; Aib; Pro; Leu; Aib; Aib; Gln; Trpol
antibiotic,NOR01153,Ac-Aib; Ser; Ala; Aib; Ival; Gln; Aib; Val; Aib; Gly; Leu; Aib; Pro; Leu; Aib; Aib; Gln; Pheol
antibiotic,NOR01154,Ac-Aib; Ser; Ala; Aib; Ival; Gln; Ival; Val; Aib; Gly; Leu; Aib; Pro; Leu; Aib; Aib; Gln; Pheol
antibiotic,NOR01155,Ac-Aib; Ser; Ala; Ival; Ival; Gln; Aib; Val; Aib; Gly; Leu; Aib; Pro; Leu; Aib; Aib; Gln; Pheol
protease inhibitor,NOR01156,Tig; Val; Tyr; Thr; Ala; Abu; Glu; Hty
protease inhibitor,NOR01157,Tig; Val; Tyr; Thr; Ala; Abu; Glu; Phe
protease inhibitor,NOR01158,Tig; Val; Tyr; Thr; Ala; Abu; Glu; O-Met
protease inhibitor,NOR01159,Tig; Val; Tyr; Thr; Ala; Abu; Glu; Leu
protease inhibitor,NOR01160,Tig; Val; Tyr; Thr; Ala; Abu; MeO-Glu; Leu
antibiotic,NOR01161,Ac-Aib; Gln; Val; Val; Aib; Pro; Leu; Leu; Aib; Pro; Leuol
antibiotic,NOR01162,Ac-Ival; Gln; Val; Val; Aib; Pro; Leu; Leu; Aib; Pro; Leuol
antibiotic,NOR01163,Ac-Aib; Gln; Val; Leu; Aib; Pro; Leu; Ile; Aib; Pro; Leuol
antibiotic,NOR01164,Ac-Aib; Gln; Val; Leu; Aib; Pro; Leu; Ile; Aib; Pro; Leuol
antibiotic,NOR01165,Ac-Aib; Gln; Ile; Ile; Aib; Pro; Leu; Leu; Aib; Pro; Leuol
antibiotic,NOR01166,Ac-Aib; Gln; Ile; Leu; Aib; Pro; Leu; Ile; Aib; Pro; Leuol
antibiotic,NOR01167,Ac-Aib; Ser; Ala; Leu; Aib; Gln; Aib; Val; Aib; Gly; Aib; Aib; Pro; Leu; Aib; Aib; Gln; Valol
antibiotic,NOR01168,Ac-Aib; Ser; Ala; Leu; Aib; Gln; Aib; Val; Aib; Gly; Aib; Aib; Pro; Leu; Aib; Aib; Gln; Leuol
antibiotic,NOR01169,Ac-Aib; Ala; Ala; Leu; Aib; Gln; Aib; Val; Aib; Gly; Aib; Aib; Pro; Leu; Aib; Aib; Gln; Valol
antibiotic,NOR01170,Ac-Aib; Ser; Ala; Leu; Aib; Gln; Ival; Val; Aib; Gly; Aib; Aib; Pro; Leu; Aib; Aib; Gln; Valol
antibiotic,NOR01171,Ac-Aib; Ser; Ala; Leu; Aib; Gln; Aib; Val; Aib; Gly; Ival; Aib; Pro; Leu; Aib; Aib; Gln; Valol
antibiotic,NOR01172,Ac-Aib; Ser; Ala; Leu; Aib; Gln; Aib; Val; Aib; Gly; Ival; Aib; Pro; Leu; Aib; Aib; Gln; Leuol
protease inhibitor,NOR01173,Ac-Pro; Thr; Thr; Val; NMe-Tyr; Phe; Ahp; Leu
